trip_id,route,transport_type,current_price,days_to_departure,poll_cycle,demand_index,seasonality_index,day_of_week,month,is_weekend
synthetic-trip-00000,Goa,flight,10172,3,0,1.3182,0.95,1,8,False
synthetic-trip-00000,Goa,flight,10103,3,1,1.334,0.95,1,8,False
synthetic-trip-00000,Goa,flight,10190,3,2,1.3498,0.95,1,8,False
synthetic-trip-00000,Goa,flight,10237,3,3,1.3656,0.95,1,8,False
synthetic-trip-00000,Goa,flight,10165,3,4,1.3814,0.95,1,8,False
synthetic-trip-00000,Goa,flight,10441,3,5,1.3972,0.95,1,8,False
synthetic-trip-00000,Goa,flight,10692,3,6,1.4131,0.95,1,8,False
synthetic-trip-00000,Goa,flight,10946,3,7,1.4289,0.95,1,8,False
synthetic-trip-00001,Mumbai,train,6534,4,0,1.3635,0.95,1,8,False
synthetic-trip-00001,Mumbai,train,6580,4,1,1.3798,0.95,1,8,False
synthetic-trip-00001,Mumbai,train,6601,4,2,1.3962,0.95,1,8,False
synthetic-trip-00001,Mumbai,train,6569,4,3,1.4126,0.95,1,8,False
synthetic-trip-00001,Mumbai,train,6688,4,4,1.4289,0.95,1,8,False
synthetic-trip-00001,Mumbai,train,6711,4,5,1.4453,0.95,1,8,False
synthetic-trip-00001,Mumbai,train,6838,4,6,1.4617,0.95,1,8,False
synthetic-trip-00001,Mumbai,train,7017,4,7,1.478,0.95,1,8,False
synthetic-trip-00002,Delhi,bus,6156,5,0,1.4619,0.95,1,8,False
synthetic-trip-00002,Delhi,bus,6185,5,1,1.4795,0.95,1,8,False
synthetic-trip-00002,Delhi,bus,6190,5,2,1.497,0.95,1,8,False
synthetic-trip-00002,Delhi,bus,6060,5,3,1.5146,0.95,1,8,False
synthetic-trip-00002,Delhi,bus,6175,5,4,1.5321,0.95,1,8,False
synthetic-trip-00002,Delhi,bus,6239,5,5,1.5496,0.95,1,8,False
synthetic-trip-00002,Delhi,bus,6317,5,6,1.5672,0.95,1,8,False
synthetic-trip-00002,Delhi,bus,6384,5,7,1.5847,0.95,1,8,False
synthetic-trip-00003,Bengaluru,flight+train,12562,6,0,1.276,0.95,1,8,False
synthetic-trip-00003,Bengaluru,flight+train,12669,6,1,1.2914,0.95,1,8,False
synthetic-trip-00003,Bengaluru,flight+train,12804,6,2,1.3067,0.95,1,8,False
synthetic-trip-00003,Bengaluru,flight+train,12671,6,3,1.322,0.95,1,8,False
synthetic-trip-00003,Bengaluru,flight+train,12794,6,4,1.3373,0.95,1,8,False
synthetic-trip-00003,Bengaluru,flight+train,13009,6,5,1.3526,0.95,1,8,False
synthetic-trip-00003,Bengaluru,flight+train,13245,6,6,1.3679,0.95,1,8,False
synthetic-trip-00003,Bengaluru,flight+train,13642,6,7,1.3832,0.95,1,8,False
synthetic-trip-00004,Jaipur,train+bus,8009,7,0,1.1878,0.95,1,8,False
synthetic-trip-00004,Jaipur,train+bus,8054,7,1,1.202,0.95,1,8,False
synthetic-trip-00004,Jaipur,train+bus,8114,7,2,1.2163,0.95,1,8,False
synthetic-trip-00004,Jaipur,train+bus,8015,7,3,1.2305,0.95,1,8,False
synthetic-trip-00004,Jaipur,train+bus,8172,7,4,1.2448,0.95,1,8,False
synthetic-trip-00004,Jaipur,train+bus,8159,7,5,1.259,0.95,1,8,False
synthetic-trip-00004,Jaipur,train+bus,8377,7,6,1.2733,0.95,1,8,False
synthetic-trip-00004,Jaipur,train+bus,8497,7,7,1.2876,0.95,1,8,False
synthetic-trip-00005,Kolkata,flight+train+bus,13426,8,0,1.1177,0.95,1,8,False
synthetic-trip-00005,Kolkata,flight+train+bus,13296,8,1,1.1311,0.95,1,8,False
synthetic-trip-00005,Kolkata,flight+train+bus,13316,8,2,1.1445,0.95,1,8,False
synthetic-trip-00005,Kolkata,flight+train+bus,13318,8,3,1.158,0.95,1,8,False
synthetic-trip-00005,Kolkata,flight+train+bus,13468,8,4,1.1714,0.95,1,8,False
synthetic-trip-00005,Kolkata,flight+train+bus,13628,8,5,1.1848,0.95,1,8,False
synthetic-trip-00005,Kolkata,flight+train+bus,13859,8,6,1.1982,0.95,1,8,False
synthetic-trip-00005,Kolkata,flight+train+bus,14168,8,7,1.2116,0.95,1,8,False
synthetic-trip-00006,Goa,flight,9511,9,0,1.248,0.95,1,8,False
synthetic-trip-00006,Goa,flight,9621,9,1,1.263,0.95,1,8,False
synthetic-trip-00006,Goa,flight,9656,9,2,1.2779,0.95,1,8,False
synthetic-trip-00006,Goa,flight,9519,9,3,1.2929,0.95,1,8,False
synthetic-trip-00006,Goa,flight,9729,9,4,1.3079,0.95,1,8,False
synthetic-trip-00006,Goa,flight,9841,9,5,1.3229,0.95,1,8,False
synthetic-trip-00006,Goa,flight,10037,9,6,1.3378,0.95,1,8,False
synthetic-trip-00006,Goa,flight,10313,9,7,1.3528,0.95,1,8,False
synthetic-trip-00007,Mumbai,train,6189,10,0,1.2903,0.95,1,8,False
synthetic-trip-00007,Mumbai,train,6209,10,1,1.3057,0.95,1,8,False
synthetic-trip-00007,Mumbai,train,6255,10,2,1.3212,0.95,1,8,False
synthetic-trip-00007,Mumbai,train,6236,10,3,1.3367,0.95,1,8,False
synthetic-trip-00007,Mumbai,train,6294,10,4,1.3522,0.95,1,8,False
synthetic-trip-00007,Mumbai,train,6340,10,5,1.3677,0.95,1,8,False
synthetic-trip-00007,Mumbai,train,6443,10,6,1.3832,0.95,1,8,False
synthetic-trip-00007,Mumbai,train,6616,10,7,1.3986,0.95,1,8,False
synthetic-trip-00008,Delhi,bus,5799,11,0,1.3827,0.95,1,8,False
synthetic-trip-00008,Delhi,bus,5733,11,1,1.3993,0.95,1,8,False
synthetic-trip-00008,Delhi,bus,5789,11,2,1.4159,0.95,1,8,False
synthetic-trip-00008,Delhi,bus,5860,11,3,1.4325,0.95,1,8,False
synthetic-trip-00008,Delhi,bus,5805,11,4,1.4491,0.95,1,8,False
synthetic-trip-00008,Delhi,bus,5909,11,5,1.4657,0.95,1,8,False
synthetic-trip-00008,Delhi,bus,5983,11,6,1.4822,0.95,1,8,False
synthetic-trip-00008,Delhi,bus,6044,11,7,1.4988,0.95,1,8,False
synthetic-trip-00009,Bengaluru,flight+train,12010,12,0,1.2063,0.95,1,8,False
synthetic-trip-00009,Bengaluru,flight+train,12005,12,1,1.2207,0.95,1,8,False
synthetic-trip-00009,Bengaluru,flight+train,11997,12,2,1.2352,0.95,1,8,False
synthetic-trip-00009,Bengaluru,flight+train,12037,12,3,1.2497,0.95,1,8,False
synthetic-trip-00009,Bengaluru,flight+train,12153,12,4,1.2642,0.95,1,8,False
synthetic-trip-00009,Bengaluru,flight+train,12294,12,5,1.2786,0.95,1,8,False
synthetic-trip-00009,Bengaluru,flight+train,12608,12,6,1.2931,0.95,1,8,False
synthetic-trip-00009,Bengaluru,flight+train,12912,12,7,1.3076,0.95,1,8,False
synthetic-trip-00010,Jaipur,train+bus,7538,13,0,1.1222,0.95,1,8,False
synthetic-trip-00010,Jaipur,train+bus,7618,13,1,1.1357,0.95,1,8,False
synthetic-trip-00010,Jaipur,train+bus,7609,13,2,1.1492,0.95,1,8,False
synthetic-trip-00010,Jaipur,train+bus,7567,13,3,1.1626,0.95,1,8,False
synthetic-trip-00010,Jaipur,train+bus,7668,13,4,1.1761,0.95,1,8,False
synthetic-trip-00010,Jaipur,train+bus,7703,13,5,1.1896,0.95,1,8,False
synthetic-trip-00010,Jaipur,train+bus,7866,13,6,1.203,0.95,1,8,False
synthetic-trip-00010,Jaipur,train+bus,8073,13,7,1.2165,0.95,1,8,False
synthetic-trip-00011,Kolkata,flight+train+bus,12613,14,0,1.0555,0.95,1,8,False
synthetic-trip-00011,Kolkata,flight+train+bus,12651,14,1,1.0681,0.95,1,8,False
synthetic-trip-00011,Kolkata,flight+train+bus,12586,14,2,1.0808,0.95,1,8,False
synthetic-trip-00011,Kolkata,flight+train+bus,12685,14,3,1.0934,0.95,1,8,False
synthetic-trip-00011,Kolkata,flight+train+bus,12774,14,4,1.1061,0.95,1,8,False
synthetic-trip-00011,Kolkata,flight+train+bus,12891,14,5,1.1188,0.95,1,8,False
synthetic-trip-00011,Kolkata,flight+train+bus,13097,14,6,1.1314,0.95,1,8,False
synthetic-trip-00011,Kolkata,flight+train+bus,13410,14,7,1.1441,0.95,1,8,False
synthetic-trip-00012,Goa,flight,9012,15,0,1.1778,0.95,1,8,False
synthetic-trip-00012,Goa,flight,9054,15,1,1.192,0.95,1,8,False
synthetic-trip-00012,Goa,flight,8925,15,2,1.2061,0.95,1,8,False
synthetic-trip-00012,Goa,flight,8988,15,3,1.2202,0.95,1,8,False
synthetic-trip-00012,Goa,flight,9079,15,4,1.2344,0.95,1,8,False
synthetic-trip-00012,Goa,flight,9345,15,5,1.2485,0.95,1,8,False
synthetic-trip-00012,Goa,flight,9446,15,6,1.2626,0.95,1,8,False
synthetic-trip-00012,Goa,flight,9659,15,7,1.2768,0.95,1,8,False
synthetic-trip-00013,Mumbai,train,5857,16,0,1.217,0.95,1,8,False
synthetic-trip-00013,Mumbai,train,5862,16,1,1.2316,0.95,1,8,False
synthetic-trip-00013,Mumbai,train,5902,16,2,1.2462,0.95,1,8,False
synthetic-trip-00013,Mumbai,train,5885,16,3,1.2608,0.95,1,8,False
synthetic-trip-00013,Mumbai,train,5916,16,4,1.2754,0.95,1,8,False
synthetic-trip-00013,Mumbai,train,6062,16,5,1.29,0.95,1,8,False
synthetic-trip-00013,Mumbai,train,6032,16,6,1.3047,0.95,1,8,False
synthetic-trip-00013,Mumbai,train,6294,16,7,1.3193,0.95,1,8,False
synthetic-trip-00014,Delhi,bus,5414,17,0,1.3035,0.95,1,8,False
synthetic-trip-00014,Delhi,bus,5464,17,1,1.3191,0.95,1,8,False
synthetic-trip-00014,Delhi,bus,5451,17,2,1.3348,0.95,1,8,False
synthetic-trip-00014,Delhi,bus,5414,17,3,1.3504,0.95,1,8,False
synthetic-trip-00014,Delhi,bus,5481,17,4,1.366,0.95,1,8,False
synthetic-trip-00014,Delhi,bus,5519,17,5,1.3817,0.95,1,8,False
synthetic-trip-00014,Delhi,bus,5537,17,6,1.3973,0.95,1,8,False
synthetic-trip-00014,Delhi,bus,5756,17,7,1.413,0.95,1,8,False
synthetic-trip-00015,Bengaluru,flight+train,11365,18,0,1.1365,0.95,1,8,False
synthetic-trip-00015,Bengaluru,flight+train,11308,18,1,1.1501,0.95,1,8,False
synthetic-trip-00015,Bengaluru,flight+train,11202,18,2,1.1638,0.95,1,8,False
synthetic-trip-00015,Bengaluru,flight+train,11395,18,3,1.1774,0.95,1,8,False
synthetic-trip-00015,Bengaluru,flight+train,11500,18,4,1.191,0.95,1,8,False
synthetic-trip-00015,Bengaluru,flight+train,11667,18,5,1.2047,0.95,1,8,False
synthetic-trip-00015,Bengaluru,flight+train,11961,18,6,1.2183,0.95,1,8,False
synthetic-trip-00015,Bengaluru,flight+train,12138,18,7,1.2319,0.95,1,8,False
synthetic-trip-00016,Jaipur,train+bus,7124,19,0,1.0567,0.95,1,8,False
synthetic-trip-00016,Jaipur,train+bus,7125,19,1,1.0694,0.95,1,8,False
synthetic-trip-00016,Jaipur,train+bus,7166,19,2,1.082,0.95,1,8,False
synthetic-trip-00016,Jaipur,train+bus,7221,19,3,1.0947,0.95,1,8,False
synthetic-trip-00016,Jaipur,train+bus,7134,19,4,1.1074,0.95,1,8,False
synthetic-trip-00016,Jaipur,train+bus,7198,19,5,1.1201,0.95,1,8,False
synthetic-trip-00016,Jaipur,train+bus,7414,19,6,1.1328,0.95,1,8,False
synthetic-trip-00016,Jaipur,train+bus,7541,19,7,1.1454,0.95,1,8,False
synthetic-trip-00017,Kolkata,flight+train+bus,11907,20,0,0.9932,0.95,1,8,False
synthetic-trip-00017,Kolkata,flight+train+bus,11737,20,1,1.0051,0.95,1,8,False
synthetic-trip-00017,Kolkata,flight+train+bus,11923,20,2,1.017,0.95,1,8,False
synthetic-trip-00017,Kolkata,flight+train+bus,11819,20,3,1.0289,0.95,1,8,False
synthetic-trip-00017,Kolkata,flight+train+bus,11923,20,4,1.0409,0.95,1,8,False
synthetic-trip-00017,Kolkata,flight+train+bus,12034,20,5,1.0528,0.95,1,8,False
synthetic-trip-00017,Kolkata,flight+train+bus,12314,20,6,1.0647,0.95,1,8,False
synthetic-trip-00017,Kolkata,flight+train+bus,12707,20,7,1.0766,0.95,1,8,False
synthetic-trip-00018,Goa,flight,8562,21,0,1.1077,0.95,1,8,False
synthetic-trip-00018,Goa,flight,8479,21,1,1.1209,0.95,1,8,False
synthetic-trip-00018,Goa,flight,8526,21,2,1.1342,0.95,1,8,False
synthetic-trip-00018,Goa,flight,8587,21,3,1.1475,0.95,1,8,False
synthetic-trip-00018,Goa,flight,8564,21,4,1.1608,0.95,1,8,False
synthetic-trip-00018,Goa,flight,8785,21,5,1.1741,0.95,1,8,False
synthetic-trip-00018,Goa,flight,8923,21,6,1.1874,0.95,1,8,False
synthetic-trip-00018,Goa,flight,9137,21,7,1.2007,0.95,1,8,False
synthetic-trip-00019,Mumbai,train,5609,22,0,1.1438,0.95,1,8,False
synthetic-trip-00019,Mumbai,train,5529,22,1,1.1575,0.95,1,8,False
synthetic-trip-00019,Mumbai,train,5610,22,2,1.1712,0.95,1,8,False
synthetic-trip-00019,Mumbai,train,5537,22,3,1.185,0.95,1,8,False
synthetic-trip-00019,Mumbai,train,5545,22,4,1.1987,0.95,1,8,False
synthetic-trip-00019,Mumbai,train,5663,22,5,1.2124,0.95,1,8,False
synthetic-trip-00019,Mumbai,train,5702,22,6,1.2261,0.95,1,8,False
synthetic-trip-00019,Mumbai,train,5882,22,7,1.2399,0.95,1,8,False
synthetic-trip-00020,Delhi,bus,5150,23,0,1.2242,0.95,1,8,False
synthetic-trip-00020,Delhi,bus,5100,23,1,1.2389,0.95,1,8,False
synthetic-trip-00020,Delhi,bus,5118,23,2,1.2536,0.95,1,8,False
synthetic-trip-00020,Delhi,bus,5120,23,3,1.2683,0.95,1,8,False
synthetic-trip-00020,Delhi,bus,5200,23,4,1.283,0.95,1,8,False
synthetic-trip-00020,Delhi,bus,5217,23,5,1.2977,0.95,1,8,False
synthetic-trip-00020,Delhi,bus,5272,23,6,1.3124,0.95,1,8,False
synthetic-trip-00020,Delhi,bus,5375,23,7,1.3271,0.95,1,8,False
synthetic-trip-00021,Bengaluru,flight+train,10590,24,0,1.0667,0.95,1,8,False
synthetic-trip-00021,Bengaluru,flight+train,10567,24,1,1.0795,0.95,1,8,False
synthetic-trip-00021,Bengaluru,flight+train,10540,24,2,1.0923,0.95,1,8,False
synthetic-trip-00021,Bengaluru,flight+train,10699,24,3,1.1051,0.95,1,8,False
synthetic-trip-00021,Bengaluru,flight+train,10717,24,4,1.1179,0.95,1,8,False
synthetic-trip-00021,Bengaluru,flight+train,10823,24,5,1.1307,0.95,1,8,False
synthetic-trip-00021,Bengaluru,flight+train,11189,24,6,1.1435,0.95,1,8,False
synthetic-trip-00021,Bengaluru,flight+train,11384,24,7,1.1563,0.95,1,8,False
synthetic-trip-00022,Jaipur,train+bus,6721,25,0,0.9911,0.95,1,8,False
synthetic-trip-00022,Jaipur,train+bus,6755,25,1,1.003,0.95,1,8,False
synthetic-trip-00022,Jaipur,train+bus,6780,25,2,1.0149,0.95,1,8,False
synthetic-trip-00022,Jaipur,train+bus,6714,25,3,1.0268,0.95,1,8,False
synthetic-trip-00022,Jaipur,train+bus,6789,25,4,1.0387,0.95,1,8,False
synthetic-trip-00022,Jaipur,train+bus,6759,25,5,1.0506,0.95,1,8,False
synthetic-trip-00022,Jaipur,train+bus,6962,25,6,1.0625,0.95,1,8,False
synthetic-trip-00022,Jaipur,train+bus,7014,25,7,1.0744,0.95,1,8,False
synthetic-trip-00023,Kolkata,flight+train+bus,11109,26,0,0.9309,0.95,1,8,False
synthetic-trip-00023,Kolkata,flight+train+bus,11130,26,1,0.9421,0.95,1,8,False
synthetic-trip-00023,Kolkata,flight+train+bus,11050,26,2,0.9533,0.95,1,8,False
synthetic-trip-00023,Kolkata,flight+train+bus,11189,26,3,0.9644,0.95,1,8,False
synthetic-trip-00023,Kolkata,flight+train+bus,11221,26,4,0.9756,0.95,1,8,False
synthetic-trip-00023,Kolkata,flight+train+bus,11426,26,5,0.9868,0.95,1,8,False
synthetic-trip-00023,Kolkata,flight+train+bus,11575,26,6,0.998,0.95,1,8,False
synthetic-trip-00023,Kolkata,flight+train+bus,11849,26,7,1.0091,0.95,1,8,False
synthetic-trip-00024,Goa,flight,8038,27,0,1.0375,0.95,1,8,False
synthetic-trip-00024,Goa,flight,8020,27,1,1.0499,0.95,1,8,False
synthetic-trip-00024,Goa,flight,7910,27,2,1.0624,0.95,1,8,False
synthetic-trip-00024,Goa,flight,8004,27,3,1.0748,0.95,1,8,False
synthetic-trip-00024,Goa,flight,8057,27,4,1.0873,0.95,1,8,False
synthetic-trip-00024,Goa,flight,8225,27,5,1.0997,0.95,1,8,False
synthetic-trip-00024,Goa,flight,8350,27,6,1.1122,0.95,1,8,False
synthetic-trip-00024,Goa,flight,8644,27,7,1.1246,0.95,1,8,False
synthetic-trip-00025,Mumbai,train,5209,28,0,1.0706,0.95,1,8,False
synthetic-trip-00025,Mumbai,train,5200,28,1,1.0834,0.95,1,8,False
synthetic-trip-00025,Mumbai,train,5133,28,2,1.0963,0.95,1,8,False
synthetic-trip-00025,Mumbai,train,5150,28,3,1.1091,0.95,1,8,False
synthetic-trip-00025,Mumbai,train,5171,28,4,1.122,0.95,1,8,False
synthetic-trip-00025,Mumbai,train,5301,28,5,1.1348,0.95,1,8,False
synthetic-trip-00025,Mumbai,train,5323,28,6,1.1476,0.95,1,8,False
synthetic-trip-00025,Mumbai,train,5484,28,7,1.1605,0.95,1,8,False
synthetic-trip-00026,Delhi,bus,4756,29,0,1.145,0.95,1,8,False
synthetic-trip-00026,Delhi,bus,4755,29,1,1.1588,0.95,1,8,False
synthetic-trip-00026,Delhi,bus,4827,29,2,1.1725,0.95,1,8,False
synthetic-trip-00026,Delhi,bus,4772,29,3,1.1862,0.95,1,8,False
synthetic-trip-00026,Delhi,bus,4776,29,4,1.2,0.95,1,8,False
synthetic-trip-00026,Delhi,bus,4836,29,5,1.2137,0.95,1,8,False
synthetic-trip-00026,Delhi,bus,4879,29,6,1.2275,0.95,1,8,False
synthetic-trip-00026,Delhi,bus,4995,29,7,1.2412,0.95,1,8,False
synthetic-trip-00027,Bengaluru,flight+train,9937,30,0,0.9969,0.95,1,8,False
synthetic-trip-00027,Bengaluru,flight+train,9903,30,1,1.0089,0.95,1,8,False
synthetic-trip-00027,Bengaluru,flight+train,9935,30,2,1.0208,0.95,1,8,False
synthetic-trip-00027,Bengaluru,flight+train,10038,30,3,1.0328,0.95,1,8,False
synthetic-trip-00027,Bengaluru,flight+train,10072,30,4,1.0448,0.95,1,8,False
synthetic-trip-00027,Bengaluru,flight+train,10159,30,5,1.0567,0.95,1,8,False
synthetic-trip-00027,Bengaluru,flight+train,10397,30,6,1.0687,0.95,1,8,False
synthetic-trip-00027,Bengaluru,flight+train,10736,30,7,1.0807,0.95,1,8,False
synthetic-trip-00028,Jaipur,train+bus,6337,31,0,0.9365,0.95,1,8,False
synthetic-trip-00028,Jaipur,train+bus,6307,31,1,0.9477,0.95,1,8,False
synthetic-trip-00028,Jaipur,train+bus,6309,31,2,0.959,0.95,1,8,False
synthetic-trip-00028,Jaipur,train+bus,6377,31,3,0.9702,0.95,1,8,False
synthetic-trip-00028,Jaipur,train+bus,6353,31,4,0.9814,0.95,1,8,False
synthetic-trip-00028,Jaipur,train+bus,6425,31,5,0.9927,0.95,1,8,False
synthetic-trip-00028,Jaipur,train+bus,6496,31,6,1.0039,0.95,1,8,False
synthetic-trip-00028,Jaipur,train+bus,6666,31,7,1.0152,0.95,1,8,False
synthetic-trip-00029,Kolkata,flight+train+bus,10597,32,0,0.8894,0.95,1,8,False
synthetic-trip-00029,Kolkata,flight+train+bus,10625,32,1,0.9001,0.95,1,8,False
synthetic-trip-00029,Kolkata,flight+train+bus,10538,32,2,0.9108,0.95,1,8,False
synthetic-trip-00029,Kolkata,flight+train+bus,10658,32,3,0.9214,0.95,1,8,False
synthetic-trip-00029,Kolkata,flight+train+bus,10637,32,4,0.9321,0.95,1,8,False
synthetic-trip-00029,Kolkata,flight+train+bus,10780,32,5,0.9428,0.95,1,8,False
synthetic-trip-00029,Kolkata,flight+train+bus,11060,32,6,0.9535,0.95,1,8,False
synthetic-trip-00029,Kolkata,flight+train+bus,11326,32,7,0.9641,0.95,1,8,False
synthetic-trip-00030,Goa,flight,7646,33,0,1.0024,0.95,1,8,False
synthetic-trip-00030,Goa,flight,7653,33,1,1.0144,0.95,1,8,False
synthetic-trip-00030,Goa,flight,7680,33,2,1.0265,0.95,1,8,False
synthetic-trip-00030,Goa,flight,7732,33,3,1.0385,0.95,1,8,False
synthetic-trip-00030,Goa,flight,7862,33,4,1.0505,0.95,1,8,False
synthetic-trip-00030,Goa,flight,7840,33,5,1.0625,0.95,1,8,False
synthetic-trip-00030,Goa,flight,8172,33,6,1.0746,0.95,1,8,False
synthetic-trip-00030,Goa,flight,8315,33,7,1.0866,0.95,1,8,False
synthetic-trip-00031,Mumbai,train,5043,34,0,1.0462,0.95,1,8,False
synthetic-trip-00031,Mumbai,train,5039,34,1,1.0587,0.95,1,8,False
synthetic-trip-00031,Mumbai,train,5093,34,2,1.0713,0.95,1,8,False
synthetic-trip-00031,Mumbai,train,5059,34,3,1.0838,0.95,1,8,False
synthetic-trip-00031,Mumbai,train,5093,34,4,1.0964,0.95,1,8,False
synthetic-trip-00031,Mumbai,train,5159,34,5,1.1089,0.95,1,8,False
synthetic-trip-00031,Mumbai,train,5195,34,6,1.1215,0.95,1,8,False
synthetic-trip-00031,Mumbai,train,5357,34,7,1.134,0.95,1,8,False
synthetic-trip-00032,Delhi,bus,4779,35,0,1.1318,0.95,1,8,False
synthetic-trip-00032,Delhi,bus,4742,35,1,1.1454,0.95,1,8,False
synthetic-trip-00032,Delhi,bus,4736,35,2,1.159,0.95,1,8,False
synthetic-trip-00032,Delhi,bus,4718,35,3,1.1726,0.95,1,8,False
synthetic-trip-00032,Delhi,bus,4756,35,4,1.1861,0.95,1,8,False
synthetic-trip-00032,Delhi,bus,4812,35,5,1.1997,0.95,1,8,False
synthetic-trip-00032,Delhi,bus,4842,35,6,1.2133,0.95,1,8,False
synthetic-trip-00032,Delhi,bus,4964,35,7,1.2269,0.95,1,8,False
synthetic-trip-00033,Bengaluru,flight+train,10000,36,0,0.9969,0.95,1,8,False
synthetic-trip-00033,Bengaluru,flight+train,9931,36,1,1.0089,0.95,1,8,False
synthetic-trip-00033,Bengaluru,flight+train,9912,36,2,1.0208,0.95,1,8,False
synthetic-trip-00033,Bengaluru,flight+train,10039,36,3,1.0328,0.95,1,8,False
synthetic-trip-00033,Bengaluru,flight+train,10038,36,4,1.0448,0.95,1,8,False
synthetic-trip-00033,Bengaluru,flight+train,10108,36,5,1.0567,0.95,1,8,False
synthetic-trip-00033,Bengaluru,flight+train,10320,36,6,1.0687,0.95,1,8,False
synthetic-trip-00033,Bengaluru,flight+train,10622,36,7,1.0807,0.95,1,8,False
synthetic-trip-00034,Jaipur,train+bus,6400,37,0,0.9365,0.95,1,8,False
synthetic-trip-00034,Jaipur,train+bus,6389,37,1,0.9477,0.95,1,8,False
synthetic-trip-00034,Jaipur,train+bus,6348,37,2,0.959,0.95,1,8,False
synthetic-trip-00034,Jaipur,train+bus,6347,37,3,0.9702,0.95,1,8,False
synthetic-trip-00034,Jaipur,train+bus,6409,37,4,0.9814,0.95,1,8,False
synthetic-trip-00034,Jaipur,train+bus,6400,37,5,0.9927,0.95,1,8,False
synthetic-trip-00034,Jaipur,train+bus,6576,37,6,1.0039,0.95,1,8,False
synthetic-trip-00034,Jaipur,train+bus,6614,37,7,1.0152,0.95,1,8,False
synthetic-trip-00035,Kolkata,flight+train+bus,10511,38,0,0.8894,0.95,1,8,False
synthetic-trip-00035,Kolkata,flight+train+bus,10645,38,1,0.9001,0.95,1,8,False
synthetic-trip-00035,Kolkata,flight+train+bus,10514,38,2,0.9108,0.95,1,8,False
synthetic-trip-00035,Kolkata,flight+train+bus,10589,38,3,0.9214,0.95,1,8,False
synthetic-trip-00035,Kolkata,flight+train+bus,10685,38,4,0.9321,0.95,1,8,False
synthetic-trip-00035,Kolkata,flight+train+bus,10809,38,5,0.9428,0.95,1,8,False
synthetic-trip-00035,Kolkata,flight+train+bus,11135,38,6,0.9535,0.95,1,8,False
synthetic-trip-00035,Kolkata,flight+train+bus,11328,38,7,0.9641,0.95,1,8,False
synthetic-trip-00036,Goa,flight,7593,39,0,1.0024,0.95,1,8,False
synthetic-trip-00036,Goa,flight,7704,39,1,1.0144,0.95,1,8,False
synthetic-trip-00036,Goa,flight,7629,39,2,1.0265,0.95,1,8,False
synthetic-trip-00036,Goa,flight,7824,39,3,1.0385,0.95,1,8,False
synthetic-trip-00036,Goa,flight,7887,39,4,1.0505,0.95,1,8,False
synthetic-trip-00036,Goa,flight,7960,39,5,1.0625,0.95,1,8,False
synthetic-trip-00036,Goa,flight,8068,39,6,1.0746,0.95,1,8,False
synthetic-trip-00036,Goa,flight,8233,39,7,1.0866,0.95,1,8,False
synthetic-trip-00037,Mumbai,train,5055,40,0,1.0462,0.95,1,8,False
synthetic-trip-00037,Mumbai,train,5069,40,1,1.0587,0.95,1,8,False
synthetic-trip-00037,Mumbai,train,5041,40,2,1.0713,0.95,1,8,False
synthetic-trip-00037,Mumbai,train,5033,40,3,1.0838,0.95,1,8,False
synthetic-trip-00037,Mumbai,train,5126,40,4,1.0964,0.95,1,8,False
synthetic-trip-00037,Mumbai,train,5183,40,5,1.1089,0.95,1,8,False
synthetic-trip-00037,Mumbai,train,5254,40,6,1.1215,0.95,1,8,False
synthetic-trip-00037,Mumbai,train,5347,40,7,1.134,0.95,1,8,False
synthetic-trip-00038,Delhi,bus,4738,41,0,1.1318,0.95,1,8,False
synthetic-trip-00038,Delhi,bus,4710,41,1,1.1454,0.95,1,8,False
synthetic-trip-00038,Delhi,bus,4731,41,2,1.159,0.95,1,8,False
synthetic-trip-00038,Delhi,bus,4707,41,3,1.1726,0.95,1,8,False
synthetic-trip-00038,Delhi,bus,4725,41,4,1.1861,0.95,1,8,False
synthetic-trip-00038,Delhi,bus,4866,41,5,1.1997,0.95,1,8,False
synthetic-trip-00038,Delhi,bus,4842,41,6,1.2133,0.95,1,8,False
synthetic-trip-00038,Delhi,bus,4989,41,7,1.2269,0.95,1,8,False
synthetic-trip-00039,Bengaluru,flight+train,9913,42,0,0.9969,0.95,1,8,False
synthetic-trip-00039,Bengaluru,flight+train,9953,42,1,1.0089,0.95,1,8,False
synthetic-trip-00039,Bengaluru,flight+train,10013,42,2,1.0208,0.95,1,8,False
synthetic-trip-00039,Bengaluru,flight+train,9962,42,3,1.0328,0.95,1,8,False
synthetic-trip-00039,Bengaluru,flight+train,10121,42,4,1.0448,0.95,1,8,False
synthetic-trip-00039,Bengaluru,flight+train,10198,42,5,1.0567,0.95,1,8,False
synthetic-trip-00039,Bengaluru,flight+train,10477,42,6,1.0687,0.95,1,8,False
synthetic-trip-00039,Bengaluru,flight+train,10577,42,7,1.0807,0.95,1,8,False
synthetic-trip-00040,Jaipur,train+bus,6276,43,0,0.9365,0.95,1,8,False
synthetic-trip-00040,Jaipur,train+bus,6399,43,1,0.9477,0.95,1,8,False
synthetic-trip-00040,Jaipur,train+bus,6407,43,2,0.959,0.95,1,8,False
synthetic-trip-00040,Jaipur,train+bus,6376,43,3,0.9702,0.95,1,8,False
synthetic-trip-00040,Jaipur,train+bus,6396,43,4,0.9814,0.95,1,8,False
synthetic-trip-00040,Jaipur,train+bus,6388,43,5,0.9927,0.95,1,8,False
synthetic-trip-00040,Jaipur,train+bus,6544,43,6,1.0039,0.95,1,8,False
synthetic-trip-00040,Jaipur,train+bus,6722,43,7,1.0152,0.95,1,8,False
synthetic-trip-00041,Kolkata,flight+train+bus,10636,44,0,0.8894,0.95,1,8,False
synthetic-trip-00041,Kolkata,flight+train+bus,10535,44,1,0.9001,0.95,1,8,False
synthetic-trip-00041,Kolkata,flight+train+bus,10552,44,2,0.9108,0.95,1,8,False
synthetic-trip-00041,Kolkata,flight+train+bus,10543,44,3,0.9214,0.95,1,8,False
synthetic-trip-00041,Kolkata,flight+train+bus,10681,44,4,0.9321,0.95,1,8,False
synthetic-trip-00041,Kolkata,flight+train+bus,10822,44,5,0.9428,0.95,1,8,False
synthetic-trip-00041,Kolkata,flight+train+bus,10979,44,6,0.9535,0.95,1,8,False
synthetic-trip-00041,Kolkata,flight+train+bus,11263,44,7,0.9641,0.95,1,8,False
synthetic-trip-00042,Goa,flight,7612,45,0,1.0024,0.95,1,8,False
synthetic-trip-00042,Goa,flight,7686,45,1,1.0144,0.95,1,8,False
synthetic-trip-00042,Goa,flight,7630,45,2,1.0265,0.95,1,8,False
synthetic-trip-00042,Goa,flight,7786,45,3,1.0385,0.95,1,8,False
synthetic-trip-00042,Goa,flight,7812,45,4,1.0505,0.95,1,8,False
synthetic-trip-00042,Goa,flight,7886,45,5,1.0625,0.95,1,8,False
synthetic-trip-00042,Goa,flight,8094,45,6,1.0746,0.95,1,8,False
synthetic-trip-00042,Goa,flight,8248,45,7,1.0866,0.95,1,8,False
synthetic-trip-00043,Mumbai,train,5119,46,0,1.0462,0.95,1,8,False
synthetic-trip-00043,Mumbai,train,5100,46,1,1.0587,0.95,1,8,False
synthetic-trip-00043,Mumbai,train,5063,46,2,1.0713,0.95,1,8,False
synthetic-trip-00043,Mumbai,train,5050,46,3,1.0838,0.95,1,8,False
synthetic-trip-00043,Mumbai,train,5118,46,4,1.0964,0.95,1,8,False
synthetic-trip-00043,Mumbai,train,5195,46,5,1.1089,0.95,1,8,False
synthetic-trip-00043,Mumbai,train,5234,46,6,1.1215,0.95,1,8,False
synthetic-trip-00043,Mumbai,train,5326,46,7,1.134,0.95,1,8,False
synthetic-trip-00044,Delhi,bus,4772,47,0,1.1318,0.95,1,8,False
synthetic-trip-00044,Delhi,bus,4730,47,1,1.1454,0.95,1,8,False
synthetic-trip-00044,Delhi,bus,4704,47,2,1.159,0.95,1,8,False
synthetic-trip-00044,Delhi,bus,4748,47,3,1.1726,0.95,1,8,False
synthetic-trip-00044,Delhi,bus,4823,47,4,1.1861,0.95,1,8,False
synthetic-trip-00044,Delhi,bus,4771,47,5,1.1997,0.95,1,8,False
synthetic-trip-00044,Delhi,bus,4865,47,6,1.2133,0.95,1,8,False
synthetic-trip-00044,Delhi,bus,5007,47,7,1.2269,0.95,1,8,False
synthetic-trip-00045,Bengaluru,flight+train,10000,48,0,0.9969,0.95,1,8,False
synthetic-trip-00045,Bengaluru,flight+train,9910,48,1,1.0089,0.95,1,8,False
synthetic-trip-00045,Bengaluru,flight+train,9846,48,2,1.0208,0.95,1,8,False
synthetic-trip-00045,Bengaluru,flight+train,9985,48,3,1.0328,0.95,1,8,False
synthetic-trip-00045,Bengaluru,flight+train,9969,48,4,1.0448,0.95,1,8,False
synthetic-trip-00045,Bengaluru,flight+train,10106,48,5,1.0567,0.95,1,8,False
synthetic-trip-00045,Bengaluru,flight+train,10419,48,6,1.0687,0.95,1,8,False
synthetic-trip-00045,Bengaluru,flight+train,10634,48,7,1.0807,0.95,1,8,False
synthetic-trip-00046,Jaipur,train+bus,6324,49,0,0.9365,0.95,1,8,False
synthetic-trip-00046,Jaipur,train+bus,6367,49,1,0.9477,0.95,1,8,False
synthetic-trip-00046,Jaipur,train+bus,6419,49,2,0.959,0.95,1,8,False
synthetic-trip-00046,Jaipur,train+bus,6337,49,3,0.9702,0.95,1,8,False
synthetic-trip-00046,Jaipur,train+bus,6337,49,4,0.9814,0.95,1,8,False
synthetic-trip-00046,Jaipur,train+bus,6474,49,5,0.9927,0.95,1,8,False
synthetic-trip-00046,Jaipur,train+bus,6543,49,6,1.0039,0.95,1,8,False
synthetic-trip-00046,Jaipur,train+bus,6679,49,7,1.0152,0.95,1,8,False
synthetic-trip-00047,Kolkata,flight+train+bus,10545,50,0,0.8894,0.95,1,8,False
synthetic-trip-00047,Kolkata,flight+train+bus,10609,50,1,0.9001,0.95,1,8,False
synthetic-trip-00047,Kolkata,flight+train+bus,10632,50,2,0.9108,0.95,1,8,False
synthetic-trip-00047,Kolkata,flight+train+bus,10554,50,3,0.9214,0.95,1,8,False
synthetic-trip-00047,Kolkata,flight+train+bus,10696,50,4,0.9321,0.95,1,8,False
synthetic-trip-00047,Kolkata,flight+train+bus,10778,50,5,0.9428,0.95,1,8,False
synthetic-trip-00047,Kolkata,flight+train+bus,11003,50,6,0.9535,0.95,1,8,False
synthetic-trip-00047,Kolkata,flight+train+bus,11313,50,7,0.9641,0.95,1,8,False
synthetic-trip-00048,Goa,flight,7710,51,0,1.0024,0.95,1,8,False
synthetic-trip-00048,Goa,flight,7700,51,1,1.0144,0.95,1,8,False
synthetic-trip-00048,Goa,flight,7693,51,2,1.0265,0.95,1,8,False
synthetic-trip-00048,Goa,flight,7796,51,3,1.0385,0.95,1,8,False
synthetic-trip-00048,Goa,flight,7881,51,4,1.0505,0.95,1,8,False
synthetic-trip-00048,Goa,flight,7883,51,5,1.0625,0.95,1,8,False
synthetic-trip-00048,Goa,flight,8107,51,6,1.0746,0.95,1,8,False
synthetic-trip-00048,Goa,flight,8369,51,7,1.0866,0.95,1,8,False
synthetic-trip-00049,Mumbai,train,5103,52,0,1.0462,0.95,1,8,False
synthetic-trip-00049,Mumbai,train,5040,52,1,1.0587,0.95,1,8,False
synthetic-trip-00049,Mumbai,train,5086,52,2,1.0713,0.95,1,8,False
synthetic-trip-00049,Mumbai,train,5101,52,3,1.0838,0.95,1,8,False
synthetic-trip-00049,Mumbai,train,5135,52,4,1.0964,0.95,1,8,False
synthetic-trip-00049,Mumbai,train,5186,52,5,1.1089,0.95,1,8,False
synthetic-trip-00049,Mumbai,train,5240,52,6,1.1215,0.95,1,8,False
synthetic-trip-00049,Mumbai,train,5361,52,7,1.134,0.95,1,8,False
synthetic-trip-00050,Delhi,bus,4726,53,0,1.1318,0.95,1,8,False
synthetic-trip-00050,Delhi,bus,4750,53,1,1.1454,0.95,1,8,False
synthetic-trip-00050,Delhi,bus,4709,53,2,1.159,0.95,1,8,False
synthetic-trip-00050,Delhi,bus,4752,53,3,1.1726,0.95,1,8,False
synthetic-trip-00050,Delhi,bus,4766,53,4,1.1861,0.95,1,8,False
synthetic-trip-00050,Delhi,bus,4868,53,5,1.1997,0.95,1,8,False
synthetic-trip-00050,Delhi,bus,4889,53,6,1.2133,0.95,1,8,False
synthetic-trip-00050,Delhi,bus,4951,53,7,1.2269,0.95,1,8,False
synthetic-trip-00051,Bengaluru,flight+train,9861,54,0,0.9969,0.95,1,8,False
synthetic-trip-00051,Bengaluru,flight+train,9895,54,1,1.0089,0.95,1,8,False
synthetic-trip-00051,Bengaluru,flight+train,9919,54,2,1.0208,0.95,1,8,False
synthetic-trip-00051,Bengaluru,flight+train,9946,54,3,1.0328,0.95,1,8,False
synthetic-trip-00051,Bengaluru,flight+train,10048,54,4,1.0448,0.95,1,8,False
synthetic-trip-00051,Bengaluru,flight+train,10181,54,5,1.0567,0.95,1,8,False
synthetic-trip-00051,Bengaluru,flight+train,10471,54,6,1.0687,0.95,1,8,False
synthetic-trip-00051,Bengaluru,flight+train,10531,54,7,1.0807,0.95,1,8,False
synthetic-trip-00052,Jaipur,train+bus,6338,55,0,0.9365,0.95,1,8,False
synthetic-trip-00052,Jaipur,train+bus,6337,55,1,0.9477,0.95,1,8,False
synthetic-trip-00052,Jaipur,train+bus,6301,55,2,0.959,0.95,1,8,False
synthetic-trip-00052,Jaipur,train+bus,6386,55,3,0.9702,0.95,1,8,False
synthetic-trip-00052,Jaipur,train+bus,6402,55,4,0.9814,0.95,1,8,False
synthetic-trip-00052,Jaipur,train+bus,6464,55,5,0.9927,0.95,1,8,False
synthetic-trip-00052,Jaipur,train+bus,6585,55,6,1.0039,0.95,1,8,False
synthetic-trip-00052,Jaipur,train+bus,6698,55,7,1.0152,0.95,1,8,False
synthetic-trip-00053,Kolkata,flight+train+bus,10625,56,0,0.8894,0.95,1,8,False
synthetic-trip-00053,Kolkata,flight+train+bus,10576,56,1,0.9001,0.95,1,8,False
synthetic-trip-00053,Kolkata,flight+train+bus,10569,56,2,0.9108,0.95,1,8,False
synthetic-trip-00053,Kolkata,flight+train+bus,10600,56,3,0.9214,0.95,1,8,False
synthetic-trip-00053,Kolkata,flight+train+bus,10668,56,4,0.9321,0.95,1,8,False
synthetic-trip-00053,Kolkata,flight+train+bus,10859,56,5,0.9428,0.95,1,8,False
synthetic-trip-00053,Kolkata,flight+train+bus,11142,56,6,0.9535,0.95,1,8,False
synthetic-trip-00053,Kolkata,flight+train+bus,11394,56,7,0.9641,0.95,1,8,False
synthetic-trip-00054,Goa,flight,7649,57,0,1.0024,0.95,1,8,False
synthetic-trip-00054,Goa,flight,7736,57,1,1.0144,0.95,1,8,False
synthetic-trip-00054,Goa,flight,7597,57,2,1.0265,0.95,1,8,False
synthetic-trip-00054,Goa,flight,7701,57,3,1.0385,0.95,1,8,False
synthetic-trip-00054,Goa,flight,7860,57,4,1.0505,0.95,1,8,False
synthetic-trip-00054,Goa,flight,7870,57,5,1.0625,0.95,1,8,False
synthetic-trip-00054,Goa,flight,8103,57,6,1.0746,0.95,1,8,False
synthetic-trip-00054,Goa,flight,8240,57,7,1.0866,0.95,1,8,False
synthetic-trip-00055,Mumbai,train,5066,58,0,1.0462,0.95,1,8,False
synthetic-trip-00055,Mumbai,train,5075,58,1,1.0587,0.95,1,8,False
synthetic-trip-00055,Mumbai,train,5028,58,2,1.0713,0.95,1,8,False
synthetic-trip-00055,Mumbai,train,5063,58,3,1.0838,0.95,1,8,False
synthetic-trip-00055,Mumbai,train,5114,58,4,1.0964,0.95,1,8,False
synthetic-trip-00055,Mumbai,train,5159,58,5,1.1089,0.95,1,8,False
synthetic-trip-00055,Mumbai,train,5199,58,6,1.1215,0.95,1,8,False
synthetic-trip-00055,Mumbai,train,5427,58,7,1.134,0.95,1,8,False
synthetic-trip-00056,Delhi,bus,4733,59,0,1.1318,0.95,1,8,False
synthetic-trip-00056,Delhi,bus,4692,59,1,1.1454,0.95,1,8,False
synthetic-trip-00056,Delhi,bus,4755,59,2,1.159,0.95,1,8,False
synthetic-trip-00056,Delhi,bus,4795,59,3,1.1726,0.95,1,8,False
synthetic-trip-00056,Delhi,bus,4793,59,4,1.1861,0.95,1,8,False
synthetic-trip-00056,Delhi,bus,4758,59,5,1.1997,0.95,1,8,False
synthetic-trip-00056,Delhi,bus,4842,59,6,1.2133,0.95,1,8,False
synthetic-trip-00056,Delhi,bus,4917,59,7,1.2269,0.95,1,8,False
synthetic-trip-00057,Bengaluru,flight+train,9837,60,0,0.9969,0.95,1,8,False
synthetic-trip-00057,Bengaluru,flight+train,9979,60,1,1.0089,0.95,1,8,False
synthetic-trip-00057,Bengaluru,flight+train,9977,60,2,1.0208,0.95,1,8,False
synthetic-trip-00057,Bengaluru,flight+train,9966,60,3,1.0328,0.95,1,8,False
synthetic-trip-00057,Bengaluru,flight+train,10060,60,4,1.0448,0.95,1,8,False
synthetic-trip-00057,Bengaluru,flight+train,10204,60,5,1.0567,0.95,1,8,False
synthetic-trip-00057,Bengaluru,flight+train,10430,60,6,1.0687,0.95,1,8,False
synthetic-trip-00057,Bengaluru,flight+train,10524,60,7,1.0807,0.95,1,8,False
synthetic-trip-00058,Jaipur,train+bus,6288,61,0,0.9365,0.95,1,8,False
synthetic-trip-00058,Jaipur,train+bus,6377,61,1,0.9477,0.95,1,8,False
synthetic-trip-00058,Jaipur,train+bus,6293,61,2,0.959,0.95,1,8,False
synthetic-trip-00058,Jaipur,train+bus,6375,61,3,0.9702,0.95,1,8,False
synthetic-trip-00058,Jaipur,train+bus,6376,61,4,0.9814,0.95,1,8,False
synthetic-trip-00058,Jaipur,train+bus,6408,61,5,0.9927,0.95,1,8,False
synthetic-trip-00058,Jaipur,train+bus,6506,61,6,1.0039,0.95,1,8,False
synthetic-trip-00058,Jaipur,train+bus,6700,61,7,1.0152,0.95,1,8,False
synthetic-trip-00059,Kolkata,flight+train+bus,10655,62,0,0.8894,0.95,1,8,False
synthetic-trip-00059,Kolkata,flight+train+bus,10588,62,1,0.9001,0.95,1,8,False
synthetic-trip-00059,Kolkata,flight+train+bus,10598,62,2,0.9108,0.95,1,8,False
synthetic-trip-00059,Kolkata,flight+train+bus,10536,62,3,0.9214,0.95,1,8,False
synthetic-trip-00059,Kolkata,flight+train+bus,10639,62,4,0.9321,0.95,1,8,False
synthetic-trip-00059,Kolkata,flight+train+bus,10810,62,5,0.9428,0.95,1,8,False
synthetic-trip-00059,Kolkata,flight+train+bus,11029,62,6,0.9535,0.95,1,8,False
synthetic-trip-00059,Kolkata,flight+train+bus,11238,62,7,0.9641,0.95,1,8,False
synthetic-trip-00060,Goa,flight,10185,3,0,1.3182,0.95,1,8,False
synthetic-trip-00060,Goa,flight,10185,3,1,1.334,0.95,1,8,False
synthetic-trip-00060,Goa,flight,10107,3,2,1.3498,0.95,1,8,False
synthetic-trip-00060,Goa,flight,10084,3,3,1.3656,0.95,1,8,False
synthetic-trip-00060,Goa,flight,10297,3,4,1.3814,0.95,1,8,False
synthetic-trip-00060,Goa,flight,10385,3,5,1.3972,0.95,1,8,False
synthetic-trip-00060,Goa,flight,10661,3,6,1.4131,0.95,1,8,False
synthetic-trip-00060,Goa,flight,10798,3,7,1.4289,0.95,1,8,False
synthetic-trip-00061,Mumbai,train,6609,4,0,1.3635,0.95,1,8,False
synthetic-trip-00061,Mumbai,train,6623,4,1,1.3798,0.95,1,8,False
synthetic-trip-00061,Mumbai,train,6617,4,2,1.3962,0.95,1,8,False
synthetic-trip-00061,Mumbai,train,6536,4,3,1.4126,0.95,1,8,False
synthetic-trip-00061,Mumbai,train,6567,4,4,1.4289,0.95,1,8,False
synthetic-trip-00061,Mumbai,train,6779,4,5,1.4453,0.95,1,8,False
synthetic-trip-00061,Mumbai,train,6877,4,6,1.4617,0.95,1,8,False
synthetic-trip-00061,Mumbai,train,7041,4,7,1.478,0.95,1,8,False
synthetic-trip-00062,Delhi,bus,6145,5,0,1.4619,0.95,1,8,False
synthetic-trip-00062,Delhi,bus,6088,5,1,1.4795,0.95,1,8,False
synthetic-trip-00062,Delhi,bus,6122,5,2,1.497,0.95,1,8,False
synthetic-trip-00062,Delhi,bus,6141,5,3,1.5146,0.95,1,8,False
synthetic-trip-00062,Delhi,bus,6212,5,4,1.5321,0.95,1,8,False
synthetic-trip-00062,Delhi,bus,6181,5,5,1.5496,0.95,1,8,False
synthetic-trip-00062,Delhi,bus,6292,5,6,1.5672,0.95,1,8,False
synthetic-trip-00062,Delhi,bus,6453,5,7,1.5847,0.95,1,8,False
synthetic-trip-00063,Bengaluru,flight+train,12750,6,0,1.276,0.95,1,8,False
synthetic-trip-00063,Bengaluru,flight+train,12749,6,1,1.2914,0.95,1,8,False
synthetic-trip-00063,Bengaluru,flight+train,12804,6,2,1.3067,0.95,1,8,False
synthetic-trip-00063,Bengaluru,flight+train,12754,6,3,1.322,0.95,1,8,False
synthetic-trip-00063,Bengaluru,flight+train,12819,6,4,1.3373,0.95,1,8,False
synthetic-trip-00063,Bengaluru,flight+train,12973,6,5,1.3526,0.95,1,8,False
synthetic-trip-00063,Bengaluru,flight+train,13371,6,6,1.3679,0.95,1,8,False
synthetic-trip-00063,Bengaluru,flight+train,13695,6,7,1.3832,0.95,1,8,False
synthetic-trip-00064,Jaipur,train+bus,7978,7,0,1.1878,0.95,1,8,False
synthetic-trip-00064,Jaipur,train+bus,8041,7,1,1.202,0.95,1,8,False
synthetic-trip-00064,Jaipur,train+bus,8071,7,2,1.2163,0.95,1,8,False
synthetic-trip-00064,Jaipur,train+bus,8010,7,3,1.2305,0.95,1,8,False
synthetic-trip-00064,Jaipur,train+bus,8053,7,4,1.2448,0.95,1,8,False
synthetic-trip-00064,Jaipur,train+bus,8178,7,5,1.259,0.95,1,8,False
synthetic-trip-00064,Jaipur,train+bus,8321,7,6,1.2733,0.95,1,8,False
synthetic-trip-00064,Jaipur,train+bus,8509,7,7,1.2876,0.95,1,8,False
synthetic-trip-00065,Kolkata,flight+train+bus,13323,8,0,1.1177,0.95,1,8,False
synthetic-trip-00065,Kolkata,flight+train+bus,13290,8,1,1.1311,0.95,1,8,False
synthetic-trip-00065,Kolkata,flight+train+bus,13370,8,2,1.1445,0.95,1,8,False
synthetic-trip-00065,Kolkata,flight+train+bus,13389,8,3,1.158,0.95,1,8,False
synthetic-trip-00065,Kolkata,flight+train+bus,13318,8,4,1.1714,0.95,1,8,False
synthetic-trip-00065,Kolkata,flight+train+bus,13610,8,5,1.1848,0.95,1,8,False
synthetic-trip-00065,Kolkata,flight+train+bus,13935,8,6,1.1982,0.95,1,8,False
synthetic-trip-00065,Kolkata,flight+train+bus,14125,8,7,1.2116,0.95,1,8,False
synthetic-trip-00066,Goa,flight,9596,9,0,1.248,0.95,1,8,False
synthetic-trip-00066,Goa,flight,9504,9,1,1.263,0.95,1,8,False
synthetic-trip-00066,Goa,flight,9545,9,2,1.2779,0.95,1,8,False
synthetic-trip-00066,Goa,flight,9652,9,3,1.2929,0.95,1,8,False
synthetic-trip-00066,Goa,flight,9709,9,4,1.3079,0.95,1,8,False
synthetic-trip-00066,Goa,flight,9834,9,5,1.3229,0.95,1,8,False
synthetic-trip-00066,Goa,flight,10069,9,6,1.3378,0.95,1,8,False
synthetic-trip-00066,Goa,flight,10231,9,7,1.3528,0.95,1,8,False
synthetic-trip-00067,Mumbai,train,6192,10,0,1.2903,0.95,1,8,False
synthetic-trip-00067,Mumbai,train,6281,10,1,1.3057,0.95,1,8,False
synthetic-trip-00067,Mumbai,train,6290,10,2,1.3212,0.95,1,8,False
synthetic-trip-00067,Mumbai,train,6230,10,3,1.3367,0.95,1,8,False
synthetic-trip-00067,Mumbai,train,6341,10,4,1.3522,0.95,1,8,False
synthetic-trip-00067,Mumbai,train,6381,10,5,1.3677,0.95,1,8,False
synthetic-trip-00067,Mumbai,train,6542,10,6,1.3832,0.95,1,8,False
synthetic-trip-00067,Mumbai,train,6660,10,7,1.3986,0.95,1,8,False
synthetic-trip-00068,Delhi,bus,5765,11,0,1.3827,0.95,1,8,False
synthetic-trip-00068,Delhi,bus,5789,11,1,1.3993,0.95,1,8,False
synthetic-trip-00068,Delhi,bus,5844,11,2,1.4159,0.95,1,8,False
synthetic-trip-00068,Delhi,bus,5748,11,3,1.4325,0.95,1,8,False
synthetic-trip-00068,Delhi,bus,5758,11,4,1.4491,0.95,1,8,False
synthetic-trip-00068,Delhi,bus,5897,11,5,1.4657,0.95,1,8,False
synthetic-trip-00068,Delhi,bus,5920,11,6,1.4822,0.95,1,8,False
synthetic-trip-00068,Delhi,bus,6015,11,7,1.4988,0.95,1,8,False
synthetic-trip-00069,Bengaluru,flight+train,11908,12,0,1.2063,0.95,1,8,False
synthetic-trip-00069,Bengaluru,flight+train,11913,12,1,1.2207,0.95,1,8,False
synthetic-trip-00069,Bengaluru,flight+train,12033,12,2,1.2352,0.95,1,8,False
synthetic-trip-00069,Bengaluru,flight+train,11944,12,3,1.2497,0.95,1,8,False
synthetic-trip-00069,Bengaluru,flight+train,12131,12,4,1.2642,0.95,1,8,False
synthetic-trip-00069,Bengaluru,flight+train,12312,12,5,1.2786,0.95,1,8,False
synthetic-trip-00069,Bengaluru,flight+train,12567,12,6,1.2931,0.95,1,8,False
synthetic-trip-00069,Bengaluru,flight+train,12987,12,7,1.3076,0.95,1,8,False
synthetic-trip-00070,Jaipur,train+bus,7539,13,0,1.1222,0.95,1,8,False
synthetic-trip-00070,Jaipur,train+bus,7577,13,1,1.1357,0.95,1,8,False
synthetic-trip-00070,Jaipur,train+bus,7582,13,2,1.1492,0.95,1,8,False
synthetic-trip-00070,Jaipur,train+bus,7622,13,3,1.1626,0.95,1,8,False
synthetic-trip-00070,Jaipur,train+bus,7617,13,4,1.1761,0.95,1,8,False
synthetic-trip-00070,Jaipur,train+bus,7665,13,5,1.1896,0.95,1,8,False
synthetic-trip-00070,Jaipur,train+bus,7769,13,6,1.203,0.95,1,8,False
synthetic-trip-00070,Jaipur,train+bus,7967,13,7,1.2165,0.95,1,8,False
synthetic-trip-00071,Kolkata,flight+train+bus,12574,14,0,1.0555,0.95,1,8,False
synthetic-trip-00071,Kolkata,flight+train+bus,12686,14,1,1.0681,0.95,1,8,False
synthetic-trip-00071,Kolkata,flight+train+bus,12612,14,2,1.0808,0.95,1,8,False
synthetic-trip-00071,Kolkata,flight+train+bus,12602,14,3,1.0934,0.95,1,8,False
synthetic-trip-00071,Kolkata,flight+train+bus,12702,14,4,1.1061,0.95,1,8,False
synthetic-trip-00071,Kolkata,flight+train+bus,12898,14,5,1.1188,0.95,1,8,False
synthetic-trip-00071,Kolkata,flight+train+bus,13184,14,6,1.1314,0.95,1,8,False
synthetic-trip-00071,Kolkata,flight+train+bus,13476,14,7,1.1441,0.95,1,8,False
synthetic-trip-00072,Goa,flight,8979,15,0,1.1778,0.95,1,8,False
synthetic-trip-00072,Goa,flight,9146,15,1,1.192,0.95,1,8,False
synthetic-trip-00072,Goa,flight,9064,15,2,1.2061,0.95,1,8,False
synthetic-trip-00072,Goa,flight,8994,15,3,1.2202,0.95,1,8,False
synthetic-trip-00072,Goa,flight,9269,15,4,1.2344,0.95,1,8,False
synthetic-trip-00072,Goa,flight,9327,15,5,1.2485,0.95,1,8,False
synthetic-trip-00072,Goa,flight,9520,15,6,1.2626,0.95,1,8,False
synthetic-trip-00072,Goa,flight,9683,15,7,1.2768,0.95,1,8,False
synthetic-trip-00073,Mumbai,train,5864,16,0,1.217,0.95,1,8,False
synthetic-trip-00073,Mumbai,train,5919,16,1,1.2316,0.95,1,8,False
synthetic-trip-00073,Mumbai,train,5900,16,2,1.2462,0.95,1,8,False
synthetic-trip-00073,Mumbai,train,5875,16,3,1.2608,0.95,1,8,False
synthetic-trip-00073,Mumbai,train,5979,16,4,1.2754,0.95,1,8,False
synthetic-trip-00073,Mumbai,train,6016,16,5,1.29,0.95,1,8,False
synthetic-trip-00073,Mumbai,train,6165,16,6,1.3047,0.95,1,8,False
synthetic-trip-00073,Mumbai,train,6318,16,7,1.3193,0.95,1,8,False
synthetic-trip-00074,Delhi,bus,5496,17,0,1.3035,0.95,1,8,False
synthetic-trip-00074,Delhi,bus,5404,17,1,1.3191,0.95,1,8,False
synthetic-trip-00074,Delhi,bus,5490,17,2,1.3348,0.95,1,8,False
synthetic-trip-00074,Delhi,bus,5481,17,3,1.3504,0.95,1,8,False
synthetic-trip-00074,Delhi,bus,5533,17,4,1.366,0.95,1,8,False
synthetic-trip-00074,Delhi,bus,5509,17,5,1.3817,0.95,1,8,False
synthetic-trip-00074,Delhi,bus,5668,17,6,1.3973,0.95,1,8,False
synthetic-trip-00074,Delhi,bus,5652,17,7,1.413,0.95,1,8,False
synthetic-trip-00075,Bengaluru,flight+train,11415,18,0,1.1365,0.95,1,8,False
synthetic-trip-00075,Bengaluru,flight+train,11404,18,1,1.1501,0.95,1,8,False
synthetic-trip-00075,Bengaluru,flight+train,11247,18,2,1.1638,0.95,1,8,False
synthetic-trip-00075,Bengaluru,flight+train,11423,18,3,1.1774,0.95,1,8,False
synthetic-trip-00075,Bengaluru,flight+train,11542,18,4,1.191,0.95,1,8,False
synthetic-trip-00075,Bengaluru,flight+train,11701,18,5,1.2047,0.95,1,8,False
synthetic-trip-00075,Bengaluru,flight+train,11804,18,6,1.2183,0.95,1,8,False
synthetic-trip-00075,Bengaluru,flight+train,12159,18,7,1.2319,0.95,1,8,False
synthetic-trip-00076,Jaipur,train+bus,7175,19,0,1.0567,0.95,1,8,False
synthetic-trip-00076,Jaipur,train+bus,7161,19,1,1.0694,0.95,1,8,False
synthetic-trip-00076,Jaipur,train+bus,7229,19,2,1.082,0.95,1,8,False
synthetic-trip-00076,Jaipur,train+bus,7193,19,3,1.0947,0.95,1,8,False
synthetic-trip-00076,Jaipur,train+bus,7238,19,4,1.1074,0.95,1,8,False
synthetic-trip-00076,Jaipur,train+bus,7218,19,5,1.1201,0.95,1,8,False
synthetic-trip-00076,Jaipur,train+bus,7347,19,6,1.1328,0.95,1,8,False
synthetic-trip-00076,Jaipur,train+bus,7505,19,7,1.1454,0.95,1,8,False
synthetic-trip-00077,Kolkata,flight+train+bus,11780,20,0,0.9932,0.95,1,8,False
synthetic-trip-00077,Kolkata,flight+train+bus,11870,20,1,1.0051,0.95,1,8,False
synthetic-trip-00077,Kolkata,flight+train+bus,11912,20,2,1.017,0.95,1,8,False
synthetic-trip-00077,Kolkata,flight+train+bus,11852,20,3,1.0289,0.95,1,8,False
synthetic-trip-00077,Kolkata,flight+train+bus,11959,20,4,1.0409,0.95,1,8,False
synthetic-trip-00077,Kolkata,flight+train+bus,12042,20,5,1.0528,0.95,1,8,False
synthetic-trip-00077,Kolkata,flight+train+bus,12320,20,6,1.0647,0.95,1,8,False
synthetic-trip-00077,Kolkata,flight+train+bus,12525,20,7,1.0766,0.95,1,8,False
synthetic-trip-00078,Goa,flight,8577,21,0,1.1077,0.95,1,8,False
synthetic-trip-00078,Goa,flight,8427,21,1,1.1209,0.95,1,8,False
synthetic-trip-00078,Goa,flight,8500,21,2,1.1342,0.95,1,8,False
synthetic-trip-00078,Goa,flight,8442,21,3,1.1475,0.95,1,8,False
synthetic-trip-00078,Goa,flight,8677,21,4,1.1608,0.95,1,8,False
synthetic-trip-00078,Goa,flight,8804,21,5,1.1741,0.95,1,8,False
synthetic-trip-00078,Goa,flight,8960,21,6,1.1874,0.95,1,8,False
synthetic-trip-00078,Goa,flight,9098,21,7,1.2007,0.95,1,8,False
synthetic-trip-00079,Mumbai,train,5567,22,0,1.1438,0.95,1,8,False
synthetic-trip-00079,Mumbai,train,5512,22,1,1.1575,0.95,1,8,False
synthetic-trip-00079,Mumbai,train,5547,22,2,1.1712,0.95,1,8,False
synthetic-trip-00079,Mumbai,train,5512,22,3,1.185,0.95,1,8,False
synthetic-trip-00079,Mumbai,train,5604,22,4,1.1987,0.95,1,8,False
synthetic-trip-00079,Mumbai,train,5643,22,5,1.2124,0.95,1,8,False
synthetic-trip-00079,Mumbai,train,5804,22,6,1.2261,0.95,1,8,False
synthetic-trip-00079,Mumbai,train,5883,22,7,1.2399,0.95,1,8,False
synthetic-trip-00080,Delhi,bus,5072,23,0,1.2242,0.95,1,8,False
synthetic-trip-00080,Delhi,bus,5079,23,1,1.2389,0.95,1,8,False
synthetic-trip-00080,Delhi,bus,5088,23,2,1.2536,0.95,1,8,False
synthetic-trip-00080,Delhi,bus,5126,23,3,1.2683,0.95,1,8,False
synthetic-trip-00080,Delhi,bus,5121,23,4,1.283,0.95,1,8,False
synthetic-trip-00080,Delhi,bus,5137,23,5,1.2977,0.95,1,8,False
synthetic-trip-00080,Delhi,bus,5237,23,6,1.3124,0.95,1,8,False
synthetic-trip-00080,Delhi,bus,5359,23,7,1.3271,0.95,1,8,False
synthetic-trip-00081,Bengaluru,flight+train,10543,24,0,1.0667,0.95,1,8,False
synthetic-trip-00081,Bengaluru,flight+train,10650,24,1,1.0795,0.95,1,8,False
synthetic-trip-00081,Bengaluru,flight+train,10503,24,2,1.0923,0.95,1,8,False
synthetic-trip-00081,Bengaluru,flight+train,10787,24,3,1.1051,0.95,1,8,False
synthetic-trip-00081,Bengaluru,flight+train,10727,24,4,1.1179,0.95,1,8,False
synthetic-trip-00081,Bengaluru,flight+train,11003,24,5,1.1307,0.95,1,8,False
synthetic-trip-00081,Bengaluru,flight+train,11009,24,6,1.1435,0.95,1,8,False
synthetic-trip-00081,Bengaluru,flight+train,11485,24,7,1.1563,0.95,1,8,False
synthetic-trip-00082,Jaipur,train+bus,6696,25,0,0.9911,0.95,1,8,False
synthetic-trip-00082,Jaipur,train+bus,6701,25,1,1.003,0.95,1,8,False
synthetic-trip-00082,Jaipur,train+bus,6711,25,2,1.0149,0.95,1,8,False
synthetic-trip-00082,Jaipur,train+bus,6712,25,3,1.0268,0.95,1,8,False
synthetic-trip-00082,Jaipur,train+bus,6740,25,4,1.0387,0.95,1,8,False
synthetic-trip-00082,Jaipur,train+bus,6843,25,5,1.0506,0.95,1,8,False
synthetic-trip-00082,Jaipur,train+bus,6922,25,6,1.0625,0.95,1,8,False
synthetic-trip-00082,Jaipur,train+bus,7068,25,7,1.0744,0.95,1,8,False
synthetic-trip-00083,Kolkata,flight+train+bus,10989,26,0,0.9309,0.95,1,8,False
synthetic-trip-00083,Kolkata,flight+train+bus,11098,26,1,0.9421,0.95,1,8,False
synthetic-trip-00083,Kolkata,flight+train+bus,11004,26,2,0.9533,0.95,1,8,False
synthetic-trip-00083,Kolkata,flight+train+bus,11251,26,3,0.9644,0.95,1,8,False
synthetic-trip-00083,Kolkata,flight+train+bus,11263,26,4,0.9756,0.95,1,8,False
synthetic-trip-00083,Kolkata,flight+train+bus,11352,26,5,0.9868,0.95,1,8,False
synthetic-trip-00083,Kolkata,flight+train+bus,11561,26,6,0.998,0.95,1,8,False
synthetic-trip-00083,Kolkata,flight+train+bus,11891,26,7,1.0091,0.95,1,8,False
synthetic-trip-00084,Goa,flight,7937,27,0,1.0375,0.95,1,8,False
synthetic-trip-00084,Goa,flight,8006,27,1,1.0499,0.95,1,8,False
synthetic-trip-00084,Goa,flight,7937,27,2,1.0624,0.95,1,8,False
synthetic-trip-00084,Goa,flight,8004,27,3,1.0748,0.95,1,8,False
synthetic-trip-00084,Goa,flight,8110,27,4,1.0873,0.95,1,8,False
synthetic-trip-00084,Goa,flight,8205,27,5,1.0997,0.95,1,8,False
synthetic-trip-00084,Goa,flight,8410,27,6,1.1122,0.95,1,8,False
synthetic-trip-00084,Goa,flight,8551,27,7,1.1246,0.95,1,8,False
synthetic-trip-00085,Mumbai,train,5114,28,0,1.0706,0.95,1,8,False
synthetic-trip-00085,Mumbai,train,5145,28,1,1.0834,0.95,1,8,False
synthetic-trip-00085,Mumbai,train,5126,28,2,1.0963,0.95,1,8,False
synthetic-trip-00085,Mumbai,train,5145,28,3,1.1091,0.95,1,8,False
synthetic-trip-00085,Mumbai,train,5184,28,4,1.122,0.95,1,8,False
synthetic-trip-00085,Mumbai,train,5313,28,5,1.1348,0.95,1,8,False
synthetic-trip-00085,Mumbai,train,5354,28,6,1.1476,0.95,1,8,False
synthetic-trip-00085,Mumbai,train,5531,28,7,1.1605,0.95,1,8,False
synthetic-trip-00086,Delhi,bus,4818,29,0,1.145,0.95,1,8,False
synthetic-trip-00086,Delhi,bus,4816,29,1,1.1588,0.95,1,8,False
synthetic-trip-00086,Delhi,bus,4791,29,2,1.1725,0.95,1,8,False
synthetic-trip-00086,Delhi,bus,4815,29,3,1.1862,0.95,1,8,False
synthetic-trip-00086,Delhi,bus,4793,29,4,1.2,0.95,1,8,False
synthetic-trip-00086,Delhi,bus,4810,29,5,1.2137,0.95,1,8,False
synthetic-trip-00086,Delhi,bus,4988,29,6,1.2275,0.95,1,8,False
synthetic-trip-00086,Delhi,bus,5062,29,7,1.2412,0.95,1,8,False
synthetic-trip-00087,Bengaluru,flight+train,9934,30,0,0.9969,0.95,1,8,False
synthetic-trip-00087,Bengaluru,flight+train,9887,30,1,1.0089,0.95,1,8,False
synthetic-trip-00087,Bengaluru,flight+train,9924,30,2,1.0208,0.95,1,8,False
synthetic-trip-00087,Bengaluru,flight+train,9880,30,3,1.0328,0.95,1,8,False
synthetic-trip-00087,Bengaluru,flight+train,10016,30,4,1.0448,0.95,1,8,False
synthetic-trip-00087,Bengaluru,flight+train,10199,30,5,1.0567,0.95,1,8,False
synthetic-trip-00087,Bengaluru,flight+train,10415,30,6,1.0687,0.95,1,8,False
synthetic-trip-00087,Bengaluru,flight+train,10528,30,7,1.0807,0.95,1,8,False
synthetic-trip-00088,Jaipur,train+bus,6359,31,0,0.9365,0.95,1,8,False
synthetic-trip-00088,Jaipur,train+bus,6310,31,1,0.9477,0.95,1,8,False
synthetic-trip-00088,Jaipur,train+bus,6332,31,2,0.959,0.95,1,8,False
synthetic-trip-00088,Jaipur,train+bus,6410,31,3,0.9702,0.95,1,8,False
synthetic-trip-00088,Jaipur,train+bus,6376,31,4,0.9814,0.95,1,8,False
synthetic-trip-00088,Jaipur,train+bus,6410,31,5,0.9927,0.95,1,8,False
synthetic-trip-00088,Jaipur,train+bus,6565,31,6,1.0039,0.95,1,8,False
synthetic-trip-00088,Jaipur,train+bus,6648,31,7,1.0152,0.95,1,8,False
synthetic-trip-00089,Kolkata,flight+train+bus,10622,32,0,0.8894,0.95,1,8,False
synthetic-trip-00089,Kolkata,flight+train+bus,10589,32,1,0.9001,0.95,1,8,False
synthetic-trip-00089,Kolkata,flight+train+bus,10627,32,2,0.9108,0.95,1,8,False
synthetic-trip-00089,Kolkata,flight+train+bus,10664,32,3,0.9214,0.95,1,8,False
synthetic-trip-00089,Kolkata,flight+train+bus,10732,32,4,0.9321,0.95,1,8,False
synthetic-trip-00089,Kolkata,flight+train+bus,10829,32,5,0.9428,0.95,1,8,False
synthetic-trip-00089,Kolkata,flight+train+bus,11127,32,6,0.9535,0.95,1,8,False
synthetic-trip-00089,Kolkata,flight+train+bus,11219,32,7,0.9641,0.95,1,8,False
synthetic-trip-00090,Goa,flight,7693,33,0,1.0024,0.95,1,8,False
synthetic-trip-00090,Goa,flight,7776,33,1,1.0144,0.95,1,8,False
synthetic-trip-00090,Goa,flight,7695,33,2,1.0265,0.95,1,8,False
synthetic-trip-00090,Goa,flight,7643,33,3,1.0385,0.95,1,8,False
synthetic-trip-00090,Goa,flight,7811,33,4,1.0505,0.95,1,8,False
synthetic-trip-00090,Goa,flight,8001,33,5,1.0625,0.95,1,8,False
synthetic-trip-00090,Goa,flight,8107,33,6,1.0746,0.95,1,8,False
synthetic-trip-00090,Goa,flight,8340,33,7,1.0866,0.95,1,8,False
synthetic-trip-00091,Mumbai,train,5050,34,0,1.0462,0.95,1,8,False
synthetic-trip-00091,Mumbai,train,5068,34,1,1.0587,0.95,1,8,False
synthetic-trip-00091,Mumbai,train,5045,34,2,1.0713,0.95,1,8,False
synthetic-trip-00091,Mumbai,train,5084,34,3,1.0838,0.95,1,8,False
synthetic-trip-00091,Mumbai,train,5091,34,4,1.0964,0.95,1,8,False
synthetic-trip-00091,Mumbai,train,5145,34,5,1.1089,0.95,1,8,False
synthetic-trip-00091,Mumbai,train,5209,34,6,1.1215,0.95,1,8,False
synthetic-trip-00091,Mumbai,train,5362,34,7,1.134,0.95,1,8,False
synthetic-trip-00092,Delhi,bus,4745,35,0,1.1318,0.95,1,8,False
synthetic-trip-00092,Delhi,bus,4742,35,1,1.1454,0.95,1,8,False
synthetic-trip-00092,Delhi,bus,4692,35,2,1.159,0.95,1,8,False
synthetic-trip-00092,Delhi,bus,4768,35,3,1.1726,0.95,1,8,False
synthetic-trip-00092,Delhi,bus,4746,35,4,1.1861,0.95,1,8,False
synthetic-trip-00092,Delhi,bus,4774,35,5,1.1997,0.95,1,8,False
synthetic-trip-00092,Delhi,bus,4889,35,6,1.2133,0.95,1,8,False
synthetic-trip-00092,Delhi,bus,4922,35,7,1.2269,0.95,1,8,False
synthetic-trip-00093,Bengaluru,flight+train,9901,36,0,0.9969,0.95,1,8,False
synthetic-trip-00093,Bengaluru,flight+train,9966,36,1,1.0089,0.95,1,8,False
synthetic-trip-00093,Bengaluru,flight+train,9828,36,2,1.0208,0.95,1,8,False
synthetic-trip-00093,Bengaluru,flight+train,9931,36,3,1.0328,0.95,1,8,False
synthetic-trip-00093,Bengaluru,flight+train,9981,36,4,1.0448,0.95,1,8,False
synthetic-trip-00093,Bengaluru,flight+train,10263,36,5,1.0567,0.95,1,8,False
synthetic-trip-00093,Bengaluru,flight+train,10385,36,6,1.0687,0.95,1,8,False
synthetic-trip-00093,Bengaluru,flight+train,10679,36,7,1.0807,0.95,1,8,False
synthetic-trip-00094,Jaipur,train+bus,6298,37,0,0.9365,0.95,1,8,False
synthetic-trip-00094,Jaipur,train+bus,6382,37,1,0.9477,0.95,1,8,False
synthetic-trip-00094,Jaipur,train+bus,6378,37,2,0.959,0.95,1,8,False
synthetic-trip-00094,Jaipur,train+bus,6344,37,3,0.9702,0.95,1,8,False
synthetic-trip-00094,Jaipur,train+bus,6436,37,4,0.9814,0.95,1,8,False
synthetic-trip-00094,Jaipur,train+bus,6439,37,5,0.9927,0.95,1,8,False
synthetic-trip-00094,Jaipur,train+bus,6536,37,6,1.0039,0.95,1,8,False
synthetic-trip-00094,Jaipur,train+bus,6671,37,7,1.0152,0.95,1,8,False
synthetic-trip-00095,Kolkata,flight+train+bus,10596,38,0,0.8894,0.95,1,8,False
synthetic-trip-00095,Kolkata,flight+train+bus,10497,38,1,0.9001,0.95,1,8,False
synthetic-trip-00095,Kolkata,flight+train+bus,10609,38,2,0.9108,0.95,1,8,False
synthetic-trip-00095,Kolkata,flight+train+bus,10657,38,3,0.9214,0.95,1,8,False
synthetic-trip-00095,Kolkata,flight+train+bus,10789,38,4,0.9321,0.95,1,8,False
synthetic-trip-00095,Kolkata,flight+train+bus,10741,38,5,0.9428,0.95,1,8,False
synthetic-trip-00095,Kolkata,flight+train+bus,11122,38,6,0.9535,0.95,1,8,False
synthetic-trip-00095,Kolkata,flight+train+bus,11270,38,7,0.9641,0.95,1,8,False
synthetic-trip-00096,Goa,flight,7714,39,0,1.0024,0.95,1,8,False
synthetic-trip-00096,Goa,flight,7664,39,1,1.0144,0.95,1,8,False
synthetic-trip-00096,Goa,flight,7699,39,2,1.0265,0.95,1,8,False
synthetic-trip-00096,Goa,flight,7783,39,3,1.0385,0.95,1,8,False
synthetic-trip-00096,Goa,flight,7786,39,4,1.0505,0.95,1,8,False
synthetic-trip-00096,Goa,flight,7963,39,5,1.0625,0.95,1,8,False
synthetic-trip-00096,Goa,flight,8103,39,6,1.0746,0.95,1,8,False
synthetic-trip-00096,Goa,flight,8284,39,7,1.0866,0.95,1,8,False
synthetic-trip-00097,Mumbai,train,5067,40,0,1.0462,0.95,1,8,False
synthetic-trip-00097,Mumbai,train,5095,40,1,1.0587,0.95,1,8,False
synthetic-trip-00097,Mumbai,train,5059,40,2,1.0713,0.95,1,8,False
synthetic-trip-00097,Mumbai,train,5053,40,3,1.0838,0.95,1,8,False
synthetic-trip-00097,Mumbai,train,5068,40,4,1.0964,0.95,1,8,False
synthetic-trip-00097,Mumbai,train,5116,40,5,1.1089,0.95,1,8,False
synthetic-trip-00097,Mumbai,train,5289,40,6,1.1215,0.95,1,8,False
synthetic-trip-00097,Mumbai,train,5429,40,7,1.134,0.95,1,8,False
synthetic-trip-00098,Delhi,bus,4779,41,0,1.1318,0.95,1,8,False
synthetic-trip-00098,Delhi,bus,4678,41,1,1.1454,0.95,1,8,False
synthetic-trip-00098,Delhi,bus,4799,41,2,1.159,0.95,1,8,False
synthetic-trip-00098,Delhi,bus,4758,41,3,1.1726,0.95,1,8,False
synthetic-trip-00098,Delhi,bus,4772,41,4,1.1861,0.95,1,8,False
synthetic-trip-00098,Delhi,bus,4825,41,5,1.1997,0.95,1,8,False
synthetic-trip-00098,Delhi,bus,4917,41,6,1.2133,0.95,1,8,False
synthetic-trip-00098,Delhi,bus,4972,41,7,1.2269,0.95,1,8,False
synthetic-trip-00099,Bengaluru,flight+train,9952,42,0,0.9969,0.95,1,8,False
synthetic-trip-00099,Bengaluru,flight+train,9953,42,1,1.0089,0.95,1,8,False
synthetic-trip-00099,Bengaluru,flight+train,9866,42,2,1.0208,0.95,1,8,False
synthetic-trip-00099,Bengaluru,flight+train,9915,42,3,1.0328,0.95,1,8,False
synthetic-trip-00099,Bengaluru,flight+train,10104,42,4,1.0448,0.95,1,8,False
synthetic-trip-00099,Bengaluru,flight+train,10132,42,5,1.0567,0.95,1,8,False
synthetic-trip-00099,Bengaluru,flight+train,10512,42,6,1.0687,0.95,1,8,False
synthetic-trip-00099,Bengaluru,flight+train,10673,42,7,1.0807,0.95,1,8,False
synthetic-trip-00100,Jaipur,train+bus,6353,43,0,0.9365,0.95,1,8,False
synthetic-trip-00100,Jaipur,train+bus,6295,43,1,0.9477,0.95,1,8,False
synthetic-trip-00100,Jaipur,train+bus,6331,43,2,0.959,0.95,1,8,False
synthetic-trip-00100,Jaipur,train+bus,6393,43,3,0.9702,0.95,1,8,False
synthetic-trip-00100,Jaipur,train+bus,6383,43,4,0.9814,0.95,1,8,False
synthetic-trip-00100,Jaipur,train+bus,6474,43,5,0.9927,0.95,1,8,False
synthetic-trip-00100,Jaipur,train+bus,6590,43,6,1.0039,0.95,1,8,False
synthetic-trip-00100,Jaipur,train+bus,6692,43,7,1.0152,0.95,1,8,False
synthetic-trip-00101,Kolkata,flight+train+bus,10531,44,0,0.8894,0.95,1,8,False
synthetic-trip-00101,Kolkata,flight+train+bus,10622,44,1,0.9001,0.95,1,8,False
synthetic-trip-00101,Kolkata,flight+train+bus,10599,44,2,0.9108,0.95,1,8,False
synthetic-trip-00101,Kolkata,flight+train+bus,10683,44,3,0.9214,0.95,1,8,False
synthetic-trip-00101,Kolkata,flight+train+bus,10710,44,4,0.9321,0.95,1,8,False
synthetic-trip-00101,Kolkata,flight+train+bus,10822,44,5,0.9428,0.95,1,8,False
synthetic-trip-00101,Kolkata,flight+train+bus,11054,44,6,0.9535,0.95,1,8,False
synthetic-trip-00101,Kolkata,flight+train+bus,11210,44,7,0.9641,0.95,1,8,False
synthetic-trip-00102,Goa,flight,7663,45,0,1.0024,0.95,1,8,False
synthetic-trip-00102,Goa,flight,7608,45,1,1.0144,0.95,1,8,False
synthetic-trip-00102,Goa,flight,7598,45,2,1.0265,0.95,1,8,False
synthetic-trip-00102,Goa,flight,7822,45,3,1.0385,0.95,1,8,False
synthetic-trip-00102,Goa,flight,7877,45,4,1.0505,0.95,1,8,False
synthetic-trip-00102,Goa,flight,7932,45,5,1.0625,0.95,1,8,False
synthetic-trip-00102,Goa,flight,8170,45,6,1.0746,0.95,1,8,False
synthetic-trip-00102,Goa,flight,8309,45,7,1.0866,0.95,1,8,False
synthetic-trip-00103,Mumbai,train,5060,46,0,1.0462,0.95,1,8,False
synthetic-trip-00103,Mumbai,train,5124,46,1,1.0587,0.95,1,8,False
synthetic-trip-00103,Mumbai,train,5039,46,2,1.0713,0.95,1,8,False
synthetic-trip-00103,Mumbai,train,5003,46,3,1.0838,0.95,1,8,False
synthetic-trip-00103,Mumbai,train,5161,46,4,1.0964,0.95,1,8,False
synthetic-trip-00103,Mumbai,train,5189,46,5,1.1089,0.95,1,8,False
synthetic-trip-00103,Mumbai,train,5251,46,6,1.1215,0.95,1,8,False
synthetic-trip-00103,Mumbai,train,5374,46,7,1.134,0.95,1,8,False
synthetic-trip-00104,Delhi,bus,4733,47,0,1.1318,0.95,1,8,False
synthetic-trip-00104,Delhi,bus,4755,47,1,1.1454,0.95,1,8,False
synthetic-trip-00104,Delhi,bus,4741,47,2,1.159,0.95,1,8,False
synthetic-trip-00104,Delhi,bus,4714,47,3,1.1726,0.95,1,8,False
synthetic-trip-00104,Delhi,bus,4775,47,4,1.1861,0.95,1,8,False
synthetic-trip-00104,Delhi,bus,4819,47,5,1.1997,0.95,1,8,False
synthetic-trip-00104,Delhi,bus,4926,47,6,1.2133,0.95,1,8,False
synthetic-trip-00104,Delhi,bus,4955,47,7,1.2269,0.95,1,8,False
synthetic-trip-00105,Bengaluru,flight+train,9997,48,0,0.9969,0.95,1,8,False
synthetic-trip-00105,Bengaluru,flight+train,9848,48,1,1.0089,0.95,1,8,False
synthetic-trip-00105,Bengaluru,flight+train,9893,48,2,1.0208,0.95,1,8,False
synthetic-trip-00105,Bengaluru,flight+train,9913,48,3,1.0328,0.95,1,8,False
synthetic-trip-00105,Bengaluru,flight+train,9964,48,4,1.0448,0.95,1,8,False
synthetic-trip-00105,Bengaluru,flight+train,10190,48,5,1.0567,0.95,1,8,False
synthetic-trip-00105,Bengaluru,flight+train,10368,48,6,1.0687,0.95,1,8,False
synthetic-trip-00105,Bengaluru,flight+train,10715,48,7,1.0807,0.95,1,8,False
synthetic-trip-00106,Jaipur,train+bus,6375,49,0,0.9365,0.95,1,8,False
synthetic-trip-00106,Jaipur,train+bus,6335,49,1,0.9477,0.95,1,8,False
synthetic-trip-00106,Jaipur,train+bus,6382,49,2,0.959,0.95,1,8,False
synthetic-trip-00106,Jaipur,train+bus,6340,49,3,0.9702,0.95,1,8,False
synthetic-trip-00106,Jaipur,train+bus,6382,49,4,0.9814,0.95,1,8,False
synthetic-trip-00106,Jaipur,train+bus,6513,49,5,0.9927,0.95,1,8,False
synthetic-trip-00106,Jaipur,train+bus,6538,49,6,1.0039,0.95,1,8,False
synthetic-trip-00106,Jaipur,train+bus,6679,49,7,1.0152,0.95,1,8,False
synthetic-trip-00107,Kolkata,flight+train+bus,10563,50,0,0.8894,0.95,1,8,False
synthetic-trip-00107,Kolkata,flight+train+bus,10531,50,1,0.9001,0.95,1,8,False
synthetic-trip-00107,Kolkata,flight+train+bus,10602,50,2,0.9108,0.95,1,8,False
synthetic-trip-00107,Kolkata,flight+train+bus,10645,50,3,0.9214,0.95,1,8,False
synthetic-trip-00107,Kolkata,flight+train+bus,10743,50,4,0.9321,0.95,1,8,False
synthetic-trip-00107,Kolkata,flight+train+bus,10937,50,5,0.9428,0.95,1,8,False
synthetic-trip-00107,Kolkata,flight+train+bus,11105,50,6,0.9535,0.95,1,8,False
synthetic-trip-00107,Kolkata,flight+train+bus,11348,50,7,0.9641,0.95,1,8,False
synthetic-trip-00108,Goa,flight,7732,51,0,1.0024,0.95,1,8,False
synthetic-trip-00108,Goa,flight,7648,51,1,1.0144,0.95,1,8,False
synthetic-trip-00108,Goa,flight,7764,51,2,1.0265,0.95,1,8,False
synthetic-trip-00108,Goa,flight,7772,51,3,1.0385,0.95,1,8,False
synthetic-trip-00108,Goa,flight,7862,51,4,1.0505,0.95,1,8,False
synthetic-trip-00108,Goa,flight,7952,51,5,1.0625,0.95,1,8,False
synthetic-trip-00108,Goa,flight,7996,51,6,1.0746,0.95,1,8,False
synthetic-trip-00108,Goa,flight,8250,51,7,1.0866,0.95,1,8,False
synthetic-trip-00109,Mumbai,train,5047,52,0,1.0462,0.95,1,8,False
synthetic-trip-00109,Mumbai,train,5032,52,1,1.0587,0.95,1,8,False
synthetic-trip-00109,Mumbai,train,5064,52,2,1.0713,0.95,1,8,False
synthetic-trip-00109,Mumbai,train,5092,52,3,1.0838,0.95,1,8,False
synthetic-trip-00109,Mumbai,train,5085,52,4,1.0964,0.95,1,8,False
synthetic-trip-00109,Mumbai,train,5159,52,5,1.1089,0.95,1,8,False
synthetic-trip-00109,Mumbai,train,5221,52,6,1.1215,0.95,1,8,False
synthetic-trip-00109,Mumbai,train,5385,52,7,1.134,0.95,1,8,False
synthetic-trip-00110,Delhi,bus,4746,53,0,1.1318,0.95,1,8,False
synthetic-trip-00110,Delhi,bus,4779,53,1,1.1454,0.95,1,8,False
synthetic-trip-00110,Delhi,bus,4761,53,2,1.159,0.95,1,8,False
synthetic-trip-00110,Delhi,bus,4745,53,3,1.1726,0.95,1,8,False
synthetic-trip-00110,Delhi,bus,4719,53,4,1.1861,0.95,1,8,False
synthetic-trip-00110,Delhi,bus,4857,53,5,1.1997,0.95,1,8,False
synthetic-trip-00110,Delhi,bus,4902,53,6,1.2133,0.95,1,8,False
synthetic-trip-00110,Delhi,bus,4978,53,7,1.2269,0.95,1,8,False
synthetic-trip-00111,Bengaluru,flight+train,9803,54,0,0.9969,0.95,1,8,False
synthetic-trip-00111,Bengaluru,flight+train,9884,54,1,1.0089,0.95,1,8,False
synthetic-trip-00111,Bengaluru,flight+train,9865,54,2,1.0208,0.95,1,8,False
synthetic-trip-00111,Bengaluru,flight+train,9910,54,3,1.0328,0.95,1,8,False
synthetic-trip-00111,Bengaluru,flight+train,10047,54,4,1.0448,0.95,1,8,False
synthetic-trip-00111,Bengaluru,flight+train,10240,54,5,1.0567,0.95,1,8,False
synthetic-trip-00111,Bengaluru,flight+train,10441,54,6,1.0687,0.95,1,8,False
synthetic-trip-00111,Bengaluru,flight+train,10570,54,7,1.0807,0.95,1,8,False
synthetic-trip-00112,Jaipur,train+bus,6366,55,0,0.9365,0.95,1,8,False
synthetic-trip-00112,Jaipur,train+bus,6409,55,1,0.9477,0.95,1,8,False
synthetic-trip-00112,Jaipur,train+bus,6408,55,2,0.959,0.95,1,8,False
synthetic-trip-00112,Jaipur,train+bus,6358,55,3,0.9702,0.95,1,8,False
synthetic-trip-00112,Jaipur,train+bus,6363,55,4,0.9814,0.95,1,8,False
synthetic-trip-00112,Jaipur,train+bus,6432,55,5,0.9927,0.95,1,8,False
synthetic-trip-00112,Jaipur,train+bus,6573,55,6,1.0039,0.95,1,8,False
synthetic-trip-00112,Jaipur,train+bus,6717,55,7,1.0152,0.95,1,8,False
synthetic-trip-00113,Kolkata,flight+train+bus,10596,56,0,0.8894,0.95,1,8,False
synthetic-trip-00113,Kolkata,flight+train+bus,10586,56,1,0.9001,0.95,1,8,False
synthetic-trip-00113,Kolkata,flight+train+bus,10570,56,2,0.9108,0.95,1,8,False
synthetic-trip-00113,Kolkata,flight+train+bus,10694,56,3,0.9214,0.95,1,8,False
synthetic-trip-00113,Kolkata,flight+train+bus,10760,56,4,0.9321,0.95,1,8,False
synthetic-trip-00113,Kolkata,flight+train+bus,10805,56,5,0.9428,0.95,1,8,False
synthetic-trip-00113,Kolkata,flight+train+bus,10985,56,6,0.9535,0.95,1,8,False
synthetic-trip-00113,Kolkata,flight+train+bus,11328,56,7,0.9641,0.95,1,8,False
synthetic-trip-00114,Goa,flight,7675,57,0,1.0024,0.95,1,8,False
synthetic-trip-00114,Goa,flight,7666,57,1,1.0144,0.95,1,8,False
synthetic-trip-00114,Goa,flight,7668,57,2,1.0265,0.95,1,8,False
synthetic-trip-00114,Goa,flight,7749,57,3,1.0385,0.95,1,8,False
synthetic-trip-00114,Goa,flight,7875,57,4,1.0505,0.95,1,8,False
synthetic-trip-00114,Goa,flight,7894,57,5,1.0625,0.95,1,8,False
synthetic-trip-00114,Goa,flight,8162,57,6,1.0746,0.95,1,8,False
synthetic-trip-00114,Goa,flight,8206,57,7,1.0866,0.95,1,8,False
synthetic-trip-00115,Mumbai,train,5065,58,0,1.0462,0.95,1,8,False
synthetic-trip-00115,Mumbai,train,5034,58,1,1.0587,0.95,1,8,False
synthetic-trip-00115,Mumbai,train,5130,58,2,1.0713,0.95,1,8,False
synthetic-trip-00115,Mumbai,train,5035,58,3,1.0838,0.95,1,8,False
synthetic-trip-00115,Mumbai,train,5115,58,4,1.0964,0.95,1,8,False
synthetic-trip-00115,Mumbai,train,5140,58,5,1.1089,0.95,1,8,False
synthetic-trip-00115,Mumbai,train,5236,58,6,1.1215,0.95,1,8,False
synthetic-trip-00115,Mumbai,train,5417,58,7,1.134,0.95,1,8,False
synthetic-trip-00116,Delhi,bus,4760,59,0,1.1318,0.95,1,8,False
synthetic-trip-00116,Delhi,bus,4755,59,1,1.1454,0.95,1,8,False
synthetic-trip-00116,Delhi,bus,4719,59,2,1.159,0.95,1,8,False
synthetic-trip-00116,Delhi,bus,4771,59,3,1.1726,0.95,1,8,False
synthetic-trip-00116,Delhi,bus,4722,59,4,1.1861,0.95,1,8,False
synthetic-trip-00116,Delhi,bus,4740,59,5,1.1997,0.95,1,8,False
synthetic-trip-00116,Delhi,bus,4819,59,6,1.2133,0.95,1,8,False
synthetic-trip-00116,Delhi,bus,4989,59,7,1.2269,0.95,1,8,False
synthetic-trip-00117,Bengaluru,flight+train,9980,60,0,0.9969,0.95,1,8,False
synthetic-trip-00117,Bengaluru,flight+train,9891,60,1,1.0089,0.95,1,8,False
synthetic-trip-00117,Bengaluru,flight+train,9821,60,2,1.0208,0.95,1,8,False
synthetic-trip-00117,Bengaluru,flight+train,9988,60,3,1.0328,0.95,1,8,False
synthetic-trip-00117,Bengaluru,flight+train,10023,60,4,1.0448,0.95,1,8,False
synthetic-trip-00117,Bengaluru,flight+train,10289,60,5,1.0567,0.95,1,8,False
synthetic-trip-00117,Bengaluru,flight+train,10399,60,6,1.0687,0.95,1,8,False
synthetic-trip-00117,Bengaluru,flight+train,10622,60,7,1.0807,0.95,1,8,False
synthetic-trip-00118,Jaipur,train+bus,6373,61,0,0.9365,0.95,1,8,False
synthetic-trip-00118,Jaipur,train+bus,6338,61,1,0.9477,0.95,1,8,False
synthetic-trip-00118,Jaipur,train+bus,6344,61,2,0.959,0.95,1,8,False
synthetic-trip-00118,Jaipur,train+bus,6322,61,3,0.9702,0.95,1,8,False
synthetic-trip-00118,Jaipur,train+bus,6327,61,4,0.9814,0.95,1,8,False
synthetic-trip-00118,Jaipur,train+bus,6420,61,5,0.9927,0.95,1,8,False
synthetic-trip-00118,Jaipur,train+bus,6554,61,6,1.0039,0.95,1,8,False
synthetic-trip-00118,Jaipur,train+bus,6604,61,7,1.0152,0.95,1,8,False
synthetic-trip-00119,Kolkata,flight+train+bus,10574,62,0,0.8894,0.95,1,8,False
synthetic-trip-00119,Kolkata,flight+train+bus,10612,62,1,0.9001,0.95,1,8,False
synthetic-trip-00119,Kolkata,flight+train+bus,10570,62,2,0.9108,0.95,1,8,False
synthetic-trip-00119,Kolkata,flight+train+bus,10667,62,3,0.9214,0.95,1,8,False
synthetic-trip-00119,Kolkata,flight+train+bus,10737,62,4,0.9321,0.95,1,8,False
synthetic-trip-00119,Kolkata,flight+train+bus,10907,62,5,0.9428,0.95,1,8,False
synthetic-trip-00119,Kolkata,flight+train+bus,11156,62,6,0.9535,0.95,1,8,False
synthetic-trip-00119,Kolkata,flight+train+bus,11260,62,7,0.9641,0.95,1,8,False
synthetic-trip-00120,Goa,flight,10170,3,0,1.3182,0.95,1,8,False
synthetic-trip-00120,Goa,flight,10113,3,1,1.334,0.95,1,8,False
synthetic-trip-00120,Goa,flight,10068,3,2,1.3498,0.95,1,8,False
synthetic-trip-00120,Goa,flight,10150,3,3,1.3656,0.95,1,8,False
synthetic-trip-00120,Goa,flight,10188,3,4,1.3814,0.95,1,8,False
synthetic-trip-00120,Goa,flight,10426,3,5,1.3972,0.95,1,8,False
synthetic-trip-00120,Goa,flight,10710,3,6,1.4131,0.95,1,8,False
synthetic-trip-00120,Goa,flight,11012,3,7,1.4289,0.95,1,8,False
synthetic-trip-00121,Mumbai,train,6585,4,0,1.3635,0.95,1,8,False
synthetic-trip-00121,Mumbai,train,6570,4,1,1.3798,0.95,1,8,False
synthetic-trip-00121,Mumbai,train,6619,4,2,1.3962,0.95,1,8,False
synthetic-trip-00121,Mumbai,train,6637,4,3,1.4126,0.95,1,8,False
synthetic-trip-00121,Mumbai,train,6581,4,4,1.4289,0.95,1,8,False
synthetic-trip-00121,Mumbai,train,6639,4,5,1.4453,0.95,1,8,False
synthetic-trip-00121,Mumbai,train,6763,4,6,1.4617,0.95,1,8,False
synthetic-trip-00121,Mumbai,train,6968,4,7,1.478,0.95,1,8,False
synthetic-trip-00122,Delhi,bus,6115,5,0,1.4619,0.95,1,8,False
synthetic-trip-00122,Delhi,bus,6155,5,1,1.4795,0.95,1,8,False
synthetic-trip-00122,Delhi,bus,6070,5,2,1.497,0.95,1,8,False
synthetic-trip-00122,Delhi,bus,6136,5,3,1.5146,0.95,1,8,False
synthetic-trip-00122,Delhi,bus,6208,5,4,1.5321,0.95,1,8,False
synthetic-trip-00122,Delhi,bus,6188,5,5,1.5496,0.95,1,8,False
synthetic-trip-00122,Delhi,bus,6310,5,6,1.5672,0.95,1,8,False
synthetic-trip-00122,Delhi,bus,6416,5,7,1.5847,0.95,1,8,False
synthetic-trip-00123,Bengaluru,flight+train,12622,6,0,1.276,0.95,1,8,False
synthetic-trip-00123,Bengaluru,flight+train,12671,6,1,1.2914,0.95,1,8,False
synthetic-trip-00123,Bengaluru,flight+train,12764,6,2,1.3067,0.95,1,8,False
synthetic-trip-00123,Bengaluru,flight+train,12730,6,3,1.322,0.95,1,8,False
synthetic-trip-00123,Bengaluru,flight+train,12840,6,4,1.3373,0.95,1,8,False
synthetic-trip-00123,Bengaluru,flight+train,13006,6,5,1.3526,0.95,1,8,False
synthetic-trip-00123,Bengaluru,flight+train,13332,6,6,1.3679,0.95,1,8,False
synthetic-trip-00123,Bengaluru,flight+train,13577,6,7,1.3832,0.95,1,8,False
synthetic-trip-00124,Jaipur,train+bus,8052,7,0,1.1878,0.95,1,8,False
synthetic-trip-00124,Jaipur,train+bus,8113,7,1,1.202,0.95,1,8,False
synthetic-trip-00124,Jaipur,train+bus,8108,7,2,1.2163,0.95,1,8,False
synthetic-trip-00124,Jaipur,train+bus,7955,7,3,1.2305,0.95,1,8,False
synthetic-trip-00124,Jaipur,train+bus,8070,7,4,1.2448,0.95,1,8,False
synthetic-trip-00124,Jaipur,train+bus,8108,7,5,1.259,0.95,1,8,False
synthetic-trip-00124,Jaipur,train+bus,8283,7,6,1.2733,0.95,1,8,False
synthetic-trip-00124,Jaipur,train+bus,8384,7,7,1.2876,0.95,1,8,False
synthetic-trip-00125,Kolkata,flight+train+bus,13295,8,0,1.1177,0.95,1,8,False
synthetic-trip-00125,Kolkata,flight+train+bus,13315,8,1,1.1311,0.95,1,8,False
synthetic-trip-00125,Kolkata,flight+train+bus,13282,8,2,1.1445,0.95,1,8,False
synthetic-trip-00125,Kolkata,flight+train+bus,13314,8,3,1.158,0.95,1,8,False
synthetic-trip-00125,Kolkata,flight+train+bus,13463,8,4,1.1714,0.95,1,8,False
synthetic-trip-00125,Kolkata,flight+train+bus,13522,8,5,1.1848,0.95,1,8,False
synthetic-trip-00125,Kolkata,flight+train+bus,13861,8,6,1.1982,0.95,1,8,False
synthetic-trip-00125,Kolkata,flight+train+bus,14108,8,7,1.2116,0.95,1,8,False
synthetic-trip-00126,Goa,flight,9680,9,0,1.248,0.95,1,8,False
synthetic-trip-00126,Goa,flight,9674,9,1,1.263,0.95,1,8,False
synthetic-trip-00126,Goa,flight,9479,9,2,1.2779,0.95,1,8,False
synthetic-trip-00126,Goa,flight,9538,9,3,1.2929,0.95,1,8,False
synthetic-trip-00126,Goa,flight,9798,9,4,1.3079,0.95,1,8,False
synthetic-trip-00126,Goa,flight,9808,9,5,1.3229,0.95,1,8,False
synthetic-trip-00126,Goa,flight,10064,9,6,1.3378,0.95,1,8,False
synthetic-trip-00126,Goa,flight,10183,9,7,1.3528,0.95,1,8,False
synthetic-trip-00127,Mumbai,train,6268,10,0,1.2903,0.95,1,8,False
synthetic-trip-00127,Mumbai,train,6303,10,1,1.3057,0.95,1,8,False
synthetic-trip-00127,Mumbai,train,6292,10,2,1.3212,0.95,1,8,False
synthetic-trip-00127,Mumbai,train,6297,10,3,1.3367,0.95,1,8,False
synthetic-trip-00127,Mumbai,train,6310,10,4,1.3522,0.95,1,8,False
synthetic-trip-00127,Mumbai,train,6382,10,5,1.3677,0.95,1,8,False
synthetic-trip-00127,Mumbai,train,6442,10,6,1.3832,0.95,1,8,False
synthetic-trip-00127,Mumbai,train,6686,10,7,1.3986,0.95,1,8,False
synthetic-trip-00128,Delhi,bus,5739,11,0,1.3827,0.95,1,8,False
synthetic-trip-00128,Delhi,bus,5776,11,1,1.3993,0.95,1,8,False
synthetic-trip-00128,Delhi,bus,5771,11,2,1.4159,0.95,1,8,False
synthetic-trip-00128,Delhi,bus,5792,11,3,1.4325,0.95,1,8,False
synthetic-trip-00128,Delhi,bus,5780,11,4,1.4491,0.95,1,8,False
synthetic-trip-00128,Delhi,bus,5871,11,5,1.4657,0.95,1,8,False
synthetic-trip-00128,Delhi,bus,5909,11,6,1.4822,0.95,1,8,False
synthetic-trip-00128,Delhi,bus,6042,11,7,1.4988,0.95,1,8,False
synthetic-trip-00129,Bengaluru,flight+train,12040,12,0,1.2063,0.95,1,8,False
synthetic-trip-00129,Bengaluru,flight+train,11850,12,1,1.2207,0.95,1,8,False
synthetic-trip-00129,Bengaluru,flight+train,12032,12,2,1.2352,0.95,1,8,False
synthetic-trip-00129,Bengaluru,flight+train,12072,12,3,1.2497,0.95,1,8,False
synthetic-trip-00129,Bengaluru,flight+train,12051,12,4,1.2642,0.95,1,8,False
synthetic-trip-00129,Bengaluru,flight+train,12384,12,5,1.2786,0.95,1,8,False
synthetic-trip-00129,Bengaluru,flight+train,12698,12,6,1.2931,0.95,1,8,False
synthetic-trip-00129,Bengaluru,flight+train,12890,12,7,1.3076,0.95,1,8,False
synthetic-trip-00130,Jaipur,train+bus,7587,13,0,1.1222,0.95,1,8,False
synthetic-trip-00130,Jaipur,train+bus,7647,13,1,1.1357,0.95,1,8,False
synthetic-trip-00130,Jaipur,train+bus,7611,13,2,1.1492,0.95,1,8,False
synthetic-trip-00130,Jaipur,train+bus,7653,13,3,1.1626,0.95,1,8,False
synthetic-trip-00130,Jaipur,train+bus,7680,13,4,1.1761,0.95,1,8,False
synthetic-trip-00130,Jaipur,train+bus,7729,13,5,1.1896,0.95,1,8,False
synthetic-trip-00130,Jaipur,train+bus,7810,13,6,1.203,0.95,1,8,False
synthetic-trip-00130,Jaipur,train+bus,8074,13,7,1.2165,0.95,1,8,False
synthetic-trip-00131,Kolkata,flight+train+bus,12500,14,0,1.0555,0.95,1,8,False
synthetic-trip-00131,Kolkata,flight+train+bus,12611,14,1,1.0681,0.95,1,8,False
synthetic-trip-00131,Kolkata,flight+train+bus,12650,14,2,1.0808,0.95,1,8,False
synthetic-trip-00131,Kolkata,flight+train+bus,12482,14,3,1.0934,0.95,1,8,False
synthetic-trip-00131,Kolkata,flight+train+bus,12806,14,4,1.1061,0.95,1,8,False
synthetic-trip-00131,Kolkata,flight+train+bus,12861,14,5,1.1188,0.95,1,8,False
synthetic-trip-00131,Kolkata,flight+train+bus,13119,14,6,1.1314,0.95,1,8,False
synthetic-trip-00131,Kolkata,flight+train+bus,13352,14,7,1.1441,0.95,1,8,False
synthetic-trip-00132,Goa,flight,9075,15,0,1.1778,0.95,1,8,False
synthetic-trip-00132,Goa,flight,9156,15,1,1.192,0.95,1,8,False
synthetic-trip-00132,Goa,flight,8937,15,2,1.2061,0.95,1,8,False
synthetic-trip-00132,Goa,flight,9062,15,3,1.2202,0.95,1,8,False
synthetic-trip-00132,Goa,flight,9121,15,4,1.2344,0.95,1,8,False
synthetic-trip-00132,Goa,flight,9272,15,5,1.2485,0.95,1,8,False
synthetic-trip-00132,Goa,flight,9523,15,6,1.2626,0.95,1,8,False
synthetic-trip-00132,Goa,flight,9793,15,7,1.2768,0.95,1,8,False
synthetic-trip-00133,Mumbai,train,5825,16,0,1.217,0.95,1,8,False
synthetic-trip-00133,Mumbai,train,5913,16,1,1.2316,0.95,1,8,False
synthetic-trip-00133,Mumbai,train,5905,16,2,1.2462,0.95,1,8,False
synthetic-trip-00133,Mumbai,train,5861,16,3,1.2608,0.95,1,8,False
synthetic-trip-00133,Mumbai,train,5967,16,4,1.2754,0.95,1,8,False
synthetic-trip-00133,Mumbai,train,6022,16,5,1.29,0.95,1,8,False
synthetic-trip-00133,Mumbai,train,6091,16,6,1.3047,0.95,1,8,False
synthetic-trip-00133,Mumbai,train,6300,16,7,1.3193,0.95,1,8,False
synthetic-trip-00134,Delhi,bus,5479,17,0,1.3035,0.95,1,8,False
synthetic-trip-00134,Delhi,bus,5499,17,1,1.3191,0.95,1,8,False
synthetic-trip-00134,Delhi,bus,5474,17,2,1.3348,0.95,1,8,False
synthetic-trip-00134,Delhi,bus,5411,17,3,1.3504,0.95,1,8,False
synthetic-trip-00134,Delhi,bus,5430,17,4,1.366,0.95,1,8,False
synthetic-trip-00134,Delhi,bus,5515,17,5,1.3817,0.95,1,8,False
synthetic-trip-00134,Delhi,bus,5596,17,6,1.3973,0.95,1,8,False
synthetic-trip-00134,Delhi,bus,5660,17,7,1.413,0.95,1,8,False
synthetic-trip-00135,Bengaluru,flight+train,11357,18,0,1.1365,0.95,1,8,False
synthetic-trip-00135,Bengaluru,flight+train,11331,18,1,1.1501,0.95,1,8,False
synthetic-trip-00135,Bengaluru,flight+train,11341,18,2,1.1638,0.95,1,8,False
synthetic-trip-00135,Bengaluru,flight+train,11343,18,3,1.1774,0.95,1,8,False
synthetic-trip-00135,Bengaluru,flight+train,11295,18,4,1.191,0.95,1,8,False
synthetic-trip-00135,Bengaluru,flight+train,11664,18,5,1.2047,0.95,1,8,False
synthetic-trip-00135,Bengaluru,flight+train,11872,18,6,1.2183,0.95,1,8,False
synthetic-trip-00135,Bengaluru,flight+train,12190,18,7,1.2319,0.95,1,8,False
synthetic-trip-00136,Jaipur,train+bus,7120,19,0,1.0567,0.95,1,8,False
synthetic-trip-00136,Jaipur,train+bus,7117,19,1,1.0694,0.95,1,8,False
synthetic-trip-00136,Jaipur,train+bus,7216,19,2,1.082,0.95,1,8,False
synthetic-trip-00136,Jaipur,train+bus,7190,19,3,1.0947,0.95,1,8,False
synthetic-trip-00136,Jaipur,train+bus,7266,19,4,1.1074,0.95,1,8,False
synthetic-trip-00136,Jaipur,train+bus,7271,19,5,1.1201,0.95,1,8,False
synthetic-trip-00136,Jaipur,train+bus,7409,19,6,1.1328,0.95,1,8,False
synthetic-trip-00136,Jaipur,train+bus,7544,19,7,1.1454,0.95,1,8,False
synthetic-trip-00137,Kolkata,flight+train+bus,11781,20,0,0.9932,0.95,1,8,False
synthetic-trip-00137,Kolkata,flight+train+bus,11806,20,1,1.0051,0.95,1,8,False
synthetic-trip-00137,Kolkata,flight+train+bus,11741,20,2,1.017,0.95,1,8,False
synthetic-trip-00137,Kolkata,flight+train+bus,11952,20,3,1.0289,0.95,1,8,False
synthetic-trip-00137,Kolkata,flight+train+bus,11827,20,4,1.0409,0.95,1,8,False
synthetic-trip-00137,Kolkata,flight+train+bus,12074,20,5,1.0528,0.95,1,8,False
synthetic-trip-00137,Kolkata,flight+train+bus,12319,20,6,1.0647,0.95,1,8,False
synthetic-trip-00137,Kolkata,flight+train+bus,12600,20,7,1.0766,0.95,1,8,False
synthetic-trip-00138,Goa,flight,8473,21,0,1.1077,0.95,1,8,False
synthetic-trip-00138,Goa,flight,8503,21,1,1.1209,0.95,1,8,False
synthetic-trip-00138,Goa,flight,8493,21,2,1.1342,0.95,1,8,False
synthetic-trip-00138,Goa,flight,8565,21,3,1.1475,0.95,1,8,False
synthetic-trip-00138,Goa,flight,8509,21,4,1.1608,0.95,1,8,False
synthetic-trip-00138,Goa,flight,8750,21,5,1.1741,0.95,1,8,False
synthetic-trip-00138,Goa,flight,8925,21,6,1.1874,0.95,1,8,False
synthetic-trip-00138,Goa,flight,9210,21,7,1.2007,0.95,1,8,False
synthetic-trip-00139,Mumbai,train,5529,22,0,1.1438,0.95,1,8,False
synthetic-trip-00139,Mumbai,train,5484,22,1,1.1575,0.95,1,8,False
synthetic-trip-00139,Mumbai,train,5480,22,2,1.1712,0.95,1,8,False
synthetic-trip-00139,Mumbai,train,5551,22,3,1.185,0.95,1,8,False
synthetic-trip-00139,Mumbai,train,5558,22,4,1.1987,0.95,1,8,False
synthetic-trip-00139,Mumbai,train,5671,22,5,1.2124,0.95,1,8,False
synthetic-trip-00139,Mumbai,train,5800,22,6,1.2261,0.95,1,8,False
synthetic-trip-00139,Mumbai,train,5817,22,7,1.2399,0.95,1,8,False
synthetic-trip-00140,Delhi,bus,5107,23,0,1.2242,0.95,1,8,False
synthetic-trip-00140,Delhi,bus,5114,23,1,1.2389,0.95,1,8,False
synthetic-trip-00140,Delhi,bus,5161,23,2,1.2536,0.95,1,8,False
synthetic-trip-00140,Delhi,bus,5089,23,3,1.2683,0.95,1,8,False
synthetic-trip-00140,Delhi,bus,5139,23,4,1.283,0.95,1,8,False
synthetic-trip-00140,Delhi,bus,5215,23,5,1.2977,0.95,1,8,False
synthetic-trip-00140,Delhi,bus,5296,23,6,1.3124,0.95,1,8,False
synthetic-trip-00140,Delhi,bus,5327,23,7,1.3271,0.95,1,8,False
synthetic-trip-00141,Bengaluru,flight+train,10532,24,0,1.0667,0.95,1,8,False
synthetic-trip-00141,Bengaluru,flight+train,10545,24,1,1.0795,0.95,1,8,False
synthetic-trip-00141,Bengaluru,flight+train,10648,24,2,1.0923,0.95,1,8,False
synthetic-trip-00141,Bengaluru,flight+train,10671,24,3,1.1051,0.95,1,8,False
synthetic-trip-00141,Bengaluru,flight+train,10833,24,4,1.1179,0.95,1,8,False
synthetic-trip-00141,Bengaluru,flight+train,10918,24,5,1.1307,0.95,1,8,False
synthetic-trip-00141,Bengaluru,flight+train,11163,24,6,1.1435,0.95,1,8,False
synthetic-trip-00141,Bengaluru,flight+train,11369,24,7,1.1563,0.95,1,8,False
synthetic-trip-00142,Jaipur,train+bus,6656,25,0,0.9911,0.95,1,8,False
synthetic-trip-00142,Jaipur,train+bus,6728,25,1,1.003,0.95,1,8,False
synthetic-trip-00142,Jaipur,train+bus,6735,25,2,1.0149,0.95,1,8,False
synthetic-trip-00142,Jaipur,train+bus,6744,25,3,1.0268,0.95,1,8,False
synthetic-trip-00142,Jaipur,train+bus,6781,25,4,1.0387,0.95,1,8,False
synthetic-trip-00142,Jaipur,train+bus,6790,25,5,1.0506,0.95,1,8,False
synthetic-trip-00142,Jaipur,train+bus,6951,25,6,1.0625,0.95,1,8,False
synthetic-trip-00142,Jaipur,train+bus,7034,25,7,1.0744,0.95,1,8,False
synthetic-trip-00143,Kolkata,flight+train+bus,11066,26,0,0.9309,0.95,1,8,False
synthetic-trip-00143,Kolkata,flight+train+bus,11100,26,1,0.9421,0.95,1,8,False
synthetic-trip-00143,Kolkata,flight+train+bus,11125,26,2,0.9533,0.95,1,8,False
synthetic-trip-00143,Kolkata,flight+train+bus,11073,26,3,0.9644,0.95,1,8,False
synthetic-trip-00143,Kolkata,flight+train+bus,11227,26,4,0.9756,0.95,1,8,False
synthetic-trip-00143,Kolkata,flight+train+bus,11316,26,5,0.9868,0.95,1,8,False
synthetic-trip-00143,Kolkata,flight+train+bus,11548,26,6,0.998,0.95,1,8,False
synthetic-trip-00143,Kolkata,flight+train+bus,11718,26,7,1.0091,0.95,1,8,False
synthetic-trip-00144,Goa,flight,7930,27,0,1.0375,0.95,1,8,False
synthetic-trip-00144,Goa,flight,7983,27,1,1.0499,0.95,1,8,False
synthetic-trip-00144,Goa,flight,8051,27,2,1.0624,0.95,1,8,False
synthetic-trip-00144,Goa,flight,8095,27,3,1.0748,0.95,1,8,False
synthetic-trip-00144,Goa,flight,8134,27,4,1.0873,0.95,1,8,False
synthetic-trip-00144,Goa,flight,8270,27,5,1.0997,0.95,1,8,False
synthetic-trip-00144,Goa,flight,8469,27,6,1.1122,0.95,1,8,False
synthetic-trip-00144,Goa,flight,8464,27,7,1.1246,0.95,1,8,False
synthetic-trip-00145,Mumbai,train,5225,28,0,1.0706,0.95,1,8,False
synthetic-trip-00145,Mumbai,train,5174,28,1,1.0834,0.95,1,8,False
synthetic-trip-00145,Mumbai,train,5174,28,2,1.0963,0.95,1,8,False
synthetic-trip-00145,Mumbai,train,5248,28,3,1.1091,0.95,1,8,False
synthetic-trip-00145,Mumbai,train,5223,28,4,1.122,0.95,1,8,False
synthetic-trip-00145,Mumbai,train,5336,28,5,1.1348,0.95,1,8,False
synthetic-trip-00145,Mumbai,train,5401,28,6,1.1476,0.95,1,8,False
synthetic-trip-00145,Mumbai,train,5526,28,7,1.1605,0.95,1,8,False
synthetic-trip-00146,Delhi,bus,4757,29,0,1.145,0.95,1,8,False
synthetic-trip-00146,Delhi,bus,4794,29,1,1.1588,0.95,1,8,False
synthetic-trip-00146,Delhi,bus,4810,29,2,1.1725,0.95,1,8,False
synthetic-trip-00146,Delhi,bus,4779,29,3,1.1862,0.95,1,8,False
synthetic-trip-00146,Delhi,bus,4843,29,4,1.2,0.95,1,8,False
synthetic-trip-00146,Delhi,bus,4864,29,5,1.2137,0.95,1,8,False
synthetic-trip-00146,Delhi,bus,4905,29,6,1.2275,0.95,1,8,False
synthetic-trip-00146,Delhi,bus,5063,29,7,1.2412,0.95,1,8,False
synthetic-trip-00147,Bengaluru,flight+train,9775,30,0,0.9969,0.95,1,8,False
synthetic-trip-00147,Bengaluru,flight+train,9934,30,1,1.0089,0.95,1,8,False
synthetic-trip-00147,Bengaluru,flight+train,9881,30,2,1.0208,0.95,1,8,False
synthetic-trip-00147,Bengaluru,flight+train,9889,30,3,1.0328,0.95,1,8,False
synthetic-trip-00147,Bengaluru,flight+train,10070,30,4,1.0448,0.95,1,8,False
synthetic-trip-00147,Bengaluru,flight+train,10216,30,5,1.0567,0.95,1,8,False
synthetic-trip-00147,Bengaluru,flight+train,10425,30,6,1.0687,0.95,1,8,False
synthetic-trip-00147,Bengaluru,flight+train,10645,30,7,1.0807,0.95,1,8,False
synthetic-trip-00148,Jaipur,train+bus,6298,31,0,0.9365,0.95,1,8,False
synthetic-trip-00148,Jaipur,train+bus,6344,31,1,0.9477,0.95,1,8,False
synthetic-trip-00148,Jaipur,train+bus,6316,31,2,0.959,0.95,1,8,False
synthetic-trip-00148,Jaipur,train+bus,6430,31,3,0.9702,0.95,1,8,False
synthetic-trip-00148,Jaipur,train+bus,6365,31,4,0.9814,0.95,1,8,False
synthetic-trip-00148,Jaipur,train+bus,6444,31,5,0.9927,0.95,1,8,False
synthetic-trip-00148,Jaipur,train+bus,6512,31,6,1.0039,0.95,1,8,False
synthetic-trip-00148,Jaipur,train+bus,6668,31,7,1.0152,0.95,1,8,False
synthetic-trip-00149,Kolkata,flight+train+bus,10558,32,0,0.8894,0.95,1,8,False
synthetic-trip-00149,Kolkata,flight+train+bus,10537,32,1,0.9001,0.95,1,8,False
synthetic-trip-00149,Kolkata,flight+train+bus,10693,32,2,0.9108,0.95,1,8,False
synthetic-trip-00149,Kolkata,flight+train+bus,10659,32,3,0.9214,0.95,1,8,False
synthetic-trip-00149,Kolkata,flight+train+bus,10719,32,4,0.9321,0.95,1,8,False
synthetic-trip-00149,Kolkata,flight+train+bus,10854,32,5,0.9428,0.95,1,8,False
synthetic-trip-00149,Kolkata,flight+train+bus,11113,32,6,0.9535,0.95,1,8,False
synthetic-trip-00149,Kolkata,flight+train+bus,11336,32,7,0.9641,0.95,1,8,False
synthetic-trip-00150,Goa,flight,7667,33,0,1.0024,0.95,1,8,False
synthetic-trip-00150,Goa,flight,7723,33,1,1.0144,0.95,1,8,False
synthetic-trip-00150,Goa,flight,7788,33,2,1.0265,0.95,1,8,False
synthetic-trip-00150,Goa,flight,7701,33,3,1.0385,0.95,1,8,False
synthetic-trip-00150,Goa,flight,7761,33,4,1.0505,0.95,1,8,False
synthetic-trip-00150,Goa,flight,7884,33,5,1.0625,0.95,1,8,False
synthetic-trip-00150,Goa,flight,8087,33,6,1.0746,0.95,1,8,False
synthetic-trip-00150,Goa,flight,8242,33,7,1.0866,0.95,1,8,False
synthetic-trip-00151,Mumbai,train,5125,34,0,1.0462,0.95,1,8,False
synthetic-trip-00151,Mumbai,train,5040,34,1,1.0587,0.95,1,8,False
synthetic-trip-00151,Mumbai,train,5042,34,2,1.0713,0.95,1,8,False
synthetic-trip-00151,Mumbai,train,5046,34,3,1.0838,0.95,1,8,False
synthetic-trip-00151,Mumbai,train,5166,34,4,1.0964,0.95,1,8,False
synthetic-trip-00151,Mumbai,train,5165,34,5,1.1089,0.95,1,8,False
synthetic-trip-00151,Mumbai,train,5255,34,6,1.1215,0.95,1,8,False
synthetic-trip-00151,Mumbai,train,5447,34,7,1.134,0.95,1,8,False
synthetic-trip-00152,Delhi,bus,4707,35,0,1.1318,0.95,1,8,False
synthetic-trip-00152,Delhi,bus,4701,35,1,1.1454,0.95,1,8,False
synthetic-trip-00152,Delhi,bus,4739,35,2,1.159,0.95,1,8,False
synthetic-trip-00152,Delhi,bus,4789,35,3,1.1726,0.95,1,8,False
synthetic-trip-00152,Delhi,bus,4785,35,4,1.1861,0.95,1,8,False
synthetic-trip-00152,Delhi,bus,4805,35,5,1.1997,0.95,1,8,False
synthetic-trip-00152,Delhi,bus,4885,35,6,1.2133,0.95,1,8,False
synthetic-trip-00152,Delhi,bus,4943,35,7,1.2269,0.95,1,8,False
synthetic-trip-00153,Bengaluru,flight+train,9877,36,0,0.9969,0.95,1,8,False
synthetic-trip-00153,Bengaluru,flight+train,9894,36,1,1.0089,0.95,1,8,False
synthetic-trip-00153,Bengaluru,flight+train,9991,36,2,1.0208,0.95,1,8,False
synthetic-trip-00153,Bengaluru,flight+train,9851,36,3,1.0328,0.95,1,8,False
synthetic-trip-00153,Bengaluru,flight+train,9980,36,4,1.0448,0.95,1,8,False
synthetic-trip-00153,Bengaluru,flight+train,10181,36,5,1.0567,0.95,1,8,False
synthetic-trip-00153,Bengaluru,flight+train,10426,36,6,1.0687,0.95,1,8,False
synthetic-trip-00153,Bengaluru,flight+train,10661,36,7,1.0807,0.95,1,8,False
synthetic-trip-00154,Jaipur,train+bus,6311,37,0,0.9365,0.95,1,8,False
synthetic-trip-00154,Jaipur,train+bus,6351,37,1,0.9477,0.95,1,8,False
synthetic-trip-00154,Jaipur,train+bus,6308,37,2,0.959,0.95,1,8,False
synthetic-trip-00154,Jaipur,train+bus,6395,37,3,0.9702,0.95,1,8,False
synthetic-trip-00154,Jaipur,train+bus,6321,37,4,0.9814,0.95,1,8,False
synthetic-trip-00154,Jaipur,train+bus,6393,37,5,0.9927,0.95,1,8,False
synthetic-trip-00154,Jaipur,train+bus,6574,37,6,1.0039,0.95,1,8,False
synthetic-trip-00154,Jaipur,train+bus,6642,37,7,1.0152,0.95,1,8,False
synthetic-trip-00155,Kolkata,flight+train+bus,10481,38,0,0.8894,0.95,1,8,False
synthetic-trip-00155,Kolkata,flight+train+bus,10612,38,1,0.9001,0.95,1,8,False
synthetic-trip-00155,Kolkata,flight+train+bus,10624,38,2,0.9108,0.95,1,8,False
synthetic-trip-00155,Kolkata,flight+train+bus,10569,38,3,0.9214,0.95,1,8,False
synthetic-trip-00155,Kolkata,flight+train+bus,10738,38,4,0.9321,0.95,1,8,False
synthetic-trip-00155,Kolkata,flight+train+bus,10781,38,5,0.9428,0.95,1,8,False
synthetic-trip-00155,Kolkata,flight+train+bus,11022,38,6,0.9535,0.95,1,8,False
synthetic-trip-00155,Kolkata,flight+train+bus,11198,38,7,0.9641,0.95,1,8,False
synthetic-trip-00156,Goa,flight,7609,39,0,1.0024,0.95,1,8,False
synthetic-trip-00156,Goa,flight,7735,39,1,1.0144,0.95,1,8,False
synthetic-trip-00156,Goa,flight,7605,39,2,1.0265,0.95,1,8,False
synthetic-trip-00156,Goa,flight,7682,39,3,1.0385,0.95,1,8,False
synthetic-trip-00156,Goa,flight,7801,39,4,1.0505,0.95,1,8,False
synthetic-trip-00156,Goa,flight,7875,39,5,1.0625,0.95,1,8,False
synthetic-trip-00156,Goa,flight,8045,39,6,1.0746,0.95,1,8,False
synthetic-trip-00156,Goa,flight,8225,39,7,1.0866,0.95,1,8,False
synthetic-trip-00157,Mumbai,train,5093,40,0,1.0462,0.95,1,8,False
synthetic-trip-00157,Mumbai,train,5063,40,1,1.0587,0.95,1,8,False
synthetic-trip-00157,Mumbai,train,5004,40,2,1.0713,0.95,1,8,False
synthetic-trip-00157,Mumbai,train,5016,40,3,1.0838,0.95,1,8,False
synthetic-trip-00157,Mumbai,train,5088,40,4,1.0964,0.95,1,8,False
synthetic-trip-00157,Mumbai,train,5154,40,5,1.1089,0.95,1,8,False
synthetic-trip-00157,Mumbai,train,5316,40,6,1.1215,0.95,1,8,False
synthetic-trip-00157,Mumbai,train,5389,40,7,1.134,0.95,1,8,False
synthetic-trip-00158,Delhi,bus,4721,41,0,1.1318,0.95,1,8,False
synthetic-trip-00158,Delhi,bus,4787,41,1,1.1454,0.95,1,8,False
synthetic-trip-00158,Delhi,bus,4774,41,2,1.159,0.95,1,8,False
synthetic-trip-00158,Delhi,bus,4727,41,3,1.1726,0.95,1,8,False
synthetic-trip-00158,Delhi,bus,4781,41,4,1.1861,0.95,1,8,False
synthetic-trip-00158,Delhi,bus,4852,41,5,1.1997,0.95,1,8,False
synthetic-trip-00158,Delhi,bus,4909,41,6,1.2133,0.95,1,8,False
synthetic-trip-00158,Delhi,bus,4965,41,7,1.2269,0.95,1,8,False
synthetic-trip-00159,Bengaluru,flight+train,9963,42,0,0.9969,0.95,1,8,False
synthetic-trip-00159,Bengaluru,flight+train,9866,42,1,1.0089,0.95,1,8,False
synthetic-trip-00159,Bengaluru,flight+train,9885,42,2,1.0208,0.95,1,8,False
synthetic-trip-00159,Bengaluru,flight+train,10019,42,3,1.0328,0.95,1,8,False
synthetic-trip-00159,Bengaluru,flight+train,10041,42,4,1.0448,0.95,1,8,False
synthetic-trip-00159,Bengaluru,flight+train,10121,42,5,1.0567,0.95,1,8,False
synthetic-trip-00159,Bengaluru,flight+train,10443,42,6,1.0687,0.95,1,8,False
synthetic-trip-00159,Bengaluru,flight+train,10701,42,7,1.0807,0.95,1,8,False
synthetic-trip-00160,Jaipur,train+bus,6315,43,0,0.9365,0.95,1,8,False
synthetic-trip-00160,Jaipur,train+bus,6310,43,1,0.9477,0.95,1,8,False
synthetic-trip-00160,Jaipur,train+bus,6374,43,2,0.959,0.95,1,8,False
synthetic-trip-00160,Jaipur,train+bus,6359,43,3,0.9702,0.95,1,8,False
synthetic-trip-00160,Jaipur,train+bus,6396,43,4,0.9814,0.95,1,8,False
synthetic-trip-00160,Jaipur,train+bus,6459,43,5,0.9927,0.95,1,8,False
synthetic-trip-00160,Jaipur,train+bus,6579,43,6,1.0039,0.95,1,8,False
synthetic-trip-00160,Jaipur,train+bus,6669,43,7,1.0152,0.95,1,8,False
synthetic-trip-00161,Kolkata,flight+train+bus,10545,44,0,0.8894,0.95,1,8,False
synthetic-trip-00161,Kolkata,flight+train+bus,10665,44,1,0.9001,0.95,1,8,False
synthetic-trip-00161,Kolkata,flight+train+bus,10550,44,2,0.9108,0.95,1,8,False
synthetic-trip-00161,Kolkata,flight+train+bus,10620,44,3,0.9214,0.95,1,8,False
synthetic-trip-00161,Kolkata,flight+train+bus,10745,44,4,0.9321,0.95,1,8,False
synthetic-trip-00161,Kolkata,flight+train+bus,10823,44,5,0.9428,0.95,1,8,False
synthetic-trip-00161,Kolkata,flight+train+bus,11053,44,6,0.9535,0.95,1,8,False
synthetic-trip-00161,Kolkata,flight+train+bus,11165,44,7,0.9641,0.95,1,8,False
synthetic-trip-00162,Goa,flight,7646,45,0,1.0024,0.95,1,8,False
synthetic-trip-00162,Goa,flight,7684,45,1,1.0144,0.95,1,8,False
synthetic-trip-00162,Goa,flight,7637,45,2,1.0265,0.95,1,8,False
synthetic-trip-00162,Goa,flight,7755,45,3,1.0385,0.95,1,8,False
synthetic-trip-00162,Goa,flight,7835,45,4,1.0505,0.95,1,8,False
synthetic-trip-00162,Goa,flight,7929,45,5,1.0625,0.95,1,8,False
synthetic-trip-00162,Goa,flight,8065,45,6,1.0746,0.95,1,8,False
synthetic-trip-00162,Goa,flight,8290,45,7,1.0866,0.95,1,8,False
synthetic-trip-00163,Mumbai,train,5086,46,0,1.0462,0.95,1,8,False
synthetic-trip-00163,Mumbai,train,5115,46,1,1.0587,0.95,1,8,False
synthetic-trip-00163,Mumbai,train,5103,46,2,1.0713,0.95,1,8,False
synthetic-trip-00163,Mumbai,train,5105,46,3,1.0838,0.95,1,8,False
synthetic-trip-00163,Mumbai,train,5136,46,4,1.0964,0.95,1,8,False
synthetic-trip-00163,Mumbai,train,5194,46,5,1.1089,0.95,1,8,False
synthetic-trip-00163,Mumbai,train,5264,46,6,1.1215,0.95,1,8,False
synthetic-trip-00163,Mumbai,train,5375,46,7,1.134,0.95,1,8,False
synthetic-trip-00164,Delhi,bus,4685,47,0,1.1318,0.95,1,8,False
synthetic-trip-00164,Delhi,bus,4764,47,1,1.1454,0.95,1,8,False
synthetic-trip-00164,Delhi,bus,4783,47,2,1.159,0.95,1,8,False
synthetic-trip-00164,Delhi,bus,4756,47,3,1.1726,0.95,1,8,False
synthetic-trip-00164,Delhi,bus,4796,47,4,1.1861,0.95,1,8,False
synthetic-trip-00164,Delhi,bus,4778,47,5,1.1997,0.95,1,8,False
synthetic-trip-00164,Delhi,bus,4875,47,6,1.2133,0.95,1,8,False
synthetic-trip-00164,Delhi,bus,4935,47,7,1.2269,0.95,1,8,False
synthetic-trip-00165,Bengaluru,flight+train,9994,48,0,0.9969,0.95,1,8,False
synthetic-trip-00165,Bengaluru,flight+train,9965,48,1,1.0089,0.95,1,8,False
synthetic-trip-00165,Bengaluru,flight+train,9860,48,2,1.0208,0.95,1,8,False
synthetic-trip-00165,Bengaluru,flight+train,10018,48,3,1.0328,0.95,1,8,False
synthetic-trip-00165,Bengaluru,flight+train,10017,48,4,1.0448,0.95,1,8,False
synthetic-trip-00165,Bengaluru,flight+train,10141,48,5,1.0567,0.95,1,8,False
synthetic-trip-00165,Bengaluru,flight+train,10462,48,6,1.0687,0.95,1,8,False
synthetic-trip-00165,Bengaluru,flight+train,10584,48,7,1.0807,0.95,1,8,False
synthetic-trip-00166,Jaipur,train+bus,6282,49,0,0.9365,0.95,1,8,False
synthetic-trip-00166,Jaipur,train+bus,6389,49,1,0.9477,0.95,1,8,False
synthetic-trip-00166,Jaipur,train+bus,6409,49,2,0.959,0.95,1,8,False
synthetic-trip-00166,Jaipur,train+bus,6344,49,3,0.9702,0.95,1,8,False
synthetic-trip-00166,Jaipur,train+bus,6392,49,4,0.9814,0.95,1,8,False
synthetic-trip-00166,Jaipur,train+bus,6392,49,5,0.9927,0.95,1,8,False
synthetic-trip-00166,Jaipur,train+bus,6538,49,6,1.0039,0.95,1,8,False
synthetic-trip-00166,Jaipur,train+bus,6750,49,7,1.0152,0.95,1,8,False
synthetic-trip-00167,Kolkata,flight+train+bus,10557,50,0,0.8894,0.95,1,8,False
synthetic-trip-00167,Kolkata,flight+train+bus,10522,50,1,0.9001,0.95,1,8,False
synthetic-trip-00167,Kolkata,flight+train+bus,10602,50,2,0.9108,0.95,1,8,False
synthetic-trip-00167,Kolkata,flight+train+bus,10619,50,3,0.9214,0.95,1,8,False
synthetic-trip-00167,Kolkata,flight+train+bus,10705,50,4,0.9321,0.95,1,8,False
synthetic-trip-00167,Kolkata,flight+train+bus,10894,50,5,0.9428,0.95,1,8,False
synthetic-trip-00167,Kolkata,flight+train+bus,11138,50,6,0.9535,0.95,1,8,False
synthetic-trip-00167,Kolkata,flight+train+bus,11270,50,7,0.9641,0.95,1,8,False
synthetic-trip-00168,Goa,flight,7640,51,0,1.0024,0.95,1,8,False
synthetic-trip-00168,Goa,flight,7668,51,1,1.0144,0.95,1,8,False
synthetic-trip-00168,Goa,flight,7620,51,2,1.0265,0.95,1,8,False
synthetic-trip-00168,Goa,flight,7669,51,3,1.0385,0.95,1,8,False
synthetic-trip-00168,Goa,flight,7756,51,4,1.0505,0.95,1,8,False
synthetic-trip-00168,Goa,flight,7858,51,5,1.0625,0.95,1,8,False
synthetic-trip-00168,Goa,flight,8173,51,6,1.0746,0.95,1,8,False
synthetic-trip-00168,Goa,flight,8188,51,7,1.0866,0.95,1,8,False
synthetic-trip-00169,Mumbai,train,5038,52,0,1.0462,0.95,1,8,False
synthetic-trip-00169,Mumbai,train,5052,52,1,1.0587,0.95,1,8,False
synthetic-trip-00169,Mumbai,train,5080,52,2,1.0713,0.95,1,8,False
synthetic-trip-00169,Mumbai,train,5092,52,3,1.0838,0.95,1,8,False
synthetic-trip-00169,Mumbai,train,5059,52,4,1.0964,0.95,1,8,False
synthetic-trip-00169,Mumbai,train,5178,52,5,1.1089,0.95,1,8,False
synthetic-trip-00169,Mumbai,train,5217,52,6,1.1215,0.95,1,8,False
synthetic-trip-00169,Mumbai,train,5401,52,7,1.134,0.95,1,8,False
synthetic-trip-00170,Delhi,bus,4709,53,0,1.1318,0.95,1,8,False
synthetic-trip-00170,Delhi,bus,4771,53,1,1.1454,0.95,1,8,False
synthetic-trip-00170,Delhi,bus,4732,53,2,1.159,0.95,1,8,False
synthetic-trip-00170,Delhi,bus,4731,53,3,1.1726,0.95,1,8,False
synthetic-trip-00170,Delhi,bus,4779,53,4,1.1861,0.95,1,8,False
synthetic-trip-00170,Delhi,bus,4827,53,5,1.1997,0.95,1,8,False
synthetic-trip-00170,Delhi,bus,4855,53,6,1.2133,0.95,1,8,False
synthetic-trip-00170,Delhi,bus,4954,53,7,1.2269,0.95,1,8,False
synthetic-trip-00171,Bengaluru,flight+train,9826,54,0,0.9969,0.95,1,8,False
synthetic-trip-00171,Bengaluru,flight+train,9877,54,1,1.0089,0.95,1,8,False
synthetic-trip-00171,Bengaluru,flight+train,9904,54,2,1.0208,0.95,1,8,False
synthetic-trip-00171,Bengaluru,flight+train,9917,54,3,1.0328,0.95,1,8,False
synthetic-trip-00171,Bengaluru,flight+train,9946,54,4,1.0448,0.95,1,8,False
synthetic-trip-00171,Bengaluru,flight+train,10078,54,5,1.0567,0.95,1,8,False
synthetic-trip-00171,Bengaluru,flight+train,10445,54,6,1.0687,0.95,1,8,False
synthetic-trip-00171,Bengaluru,flight+train,10625,54,7,1.0807,0.95,1,8,False
synthetic-trip-00172,Jaipur,train+bus,6340,55,0,0.9365,0.95,1,8,False
synthetic-trip-00172,Jaipur,train+bus,6379,55,1,0.9477,0.95,1,8,False
synthetic-trip-00172,Jaipur,train+bus,6342,55,2,0.959,0.95,1,8,False
synthetic-trip-00172,Jaipur,train+bus,6302,55,3,0.9702,0.95,1,8,False
synthetic-trip-00172,Jaipur,train+bus,6349,55,4,0.9814,0.95,1,8,False
synthetic-trip-00172,Jaipur,train+bus,6425,55,5,0.9927,0.95,1,8,False
synthetic-trip-00172,Jaipur,train+bus,6514,55,6,1.0039,0.95,1,8,False
synthetic-trip-00172,Jaipur,train+bus,6665,55,7,1.0152,0.95,1,8,False
synthetic-trip-00173,Kolkata,flight+train+bus,10491,56,0,0.8894,0.95,1,8,False
synthetic-trip-00173,Kolkata,flight+train+bus,10582,56,1,0.9001,0.95,1,8,False
synthetic-trip-00173,Kolkata,flight+train+bus,10650,56,2,0.9108,0.95,1,8,False
synthetic-trip-00173,Kolkata,flight+train+bus,10684,56,3,0.9214,0.95,1,8,False
synthetic-trip-00173,Kolkata,flight+train+bus,10771,56,4,0.9321,0.95,1,8,False
synthetic-trip-00173,Kolkata,flight+train+bus,10939,56,5,0.9428,0.95,1,8,False
synthetic-trip-00173,Kolkata,flight+train+bus,11055,56,6,0.9535,0.95,1,8,False
synthetic-trip-00173,Kolkata,flight+train+bus,11237,56,7,0.9641,0.95,1,8,False
synthetic-trip-00174,Goa,flight,7635,57,0,1.0024,0.95,1,8,False
synthetic-trip-00174,Goa,flight,7778,57,1,1.0144,0.95,1,8,False
synthetic-trip-00174,Goa,flight,7608,57,2,1.0265,0.95,1,8,False
synthetic-trip-00174,Goa,flight,7805,57,3,1.0385,0.95,1,8,False
synthetic-trip-00174,Goa,flight,7801,57,4,1.0505,0.95,1,8,False
synthetic-trip-00174,Goa,flight,7969,57,5,1.0625,0.95,1,8,False
synthetic-trip-00174,Goa,flight,8075,57,6,1.0746,0.95,1,8,False
synthetic-trip-00174,Goa,flight,8257,57,7,1.0866,0.95,1,8,False
synthetic-trip-00175,Mumbai,train,5052,58,0,1.0462,0.95,1,8,False
synthetic-trip-00175,Mumbai,train,5095,58,1,1.0587,0.95,1,8,False
synthetic-trip-00175,Mumbai,train,5043,58,2,1.0713,0.95,1,8,False
synthetic-trip-00175,Mumbai,train,5065,58,3,1.0838,0.95,1,8,False
synthetic-trip-00175,Mumbai,train,5065,58,4,1.0964,0.95,1,8,False
synthetic-trip-00175,Mumbai,train,5155,58,5,1.1089,0.95,1,8,False
synthetic-trip-00175,Mumbai,train,5208,58,6,1.1215,0.95,1,8,False
synthetic-trip-00175,Mumbai,train,5344,58,7,1.134,0.95,1,8,False
synthetic-trip-00176,Delhi,bus,4722,59,0,1.1318,0.95,1,8,False
synthetic-trip-00176,Delhi,bus,4791,59,1,1.1454,0.95,1,8,False
synthetic-trip-00176,Delhi,bus,4786,59,2,1.159,0.95,1,8,False
synthetic-trip-00176,Delhi,bus,4699,59,3,1.1726,0.95,1,8,False
synthetic-trip-00176,Delhi,bus,4811,59,4,1.1861,0.95,1,8,False
synthetic-trip-00176,Delhi,bus,4825,59,5,1.1997,0.95,1,8,False
synthetic-trip-00176,Delhi,bus,4853,59,6,1.2133,0.95,1,8,False
synthetic-trip-00176,Delhi,bus,4992,59,7,1.2269,0.95,1,8,False
synthetic-trip-00177,Bengaluru,flight+train,9858,60,0,0.9969,0.95,1,8,False
synthetic-trip-00177,Bengaluru,flight+train,9869,60,1,1.0089,0.95,1,8,False
synthetic-trip-00177,Bengaluru,flight+train,9975,60,2,1.0208,0.95,1,8,False
synthetic-trip-00177,Bengaluru,flight+train,10006,60,3,1.0328,0.95,1,8,False
synthetic-trip-00177,Bengaluru,flight+train,9979,60,4,1.0448,0.95,1,8,False
synthetic-trip-00177,Bengaluru,flight+train,10179,60,5,1.0567,0.95,1,8,False
synthetic-trip-00177,Bengaluru,flight+train,10512,60,6,1.0687,0.95,1,8,False
synthetic-trip-00177,Bengaluru,flight+train,10624,60,7,1.0807,0.95,1,8,False
synthetic-trip-00178,Jaipur,train+bus,6377,61,0,0.9365,0.95,1,8,False
synthetic-trip-00178,Jaipur,train+bus,6378,61,1,0.9477,0.95,1,8,False
synthetic-trip-00178,Jaipur,train+bus,6307,61,2,0.959,0.95,1,8,False
synthetic-trip-00178,Jaipur,train+bus,6308,61,3,0.9702,0.95,1,8,False
synthetic-trip-00178,Jaipur,train+bus,6368,61,4,0.9814,0.95,1,8,False
synthetic-trip-00178,Jaipur,train+bus,6464,61,5,0.9927,0.95,1,8,False
synthetic-trip-00178,Jaipur,train+bus,6601,61,6,1.0039,0.95,1,8,False
synthetic-trip-00178,Jaipur,train+bus,6653,61,7,1.0152,0.95,1,8,False
synthetic-trip-00179,Kolkata,flight+train+bus,10511,62,0,0.8894,0.95,1,8,False
synthetic-trip-00179,Kolkata,flight+train+bus,10610,62,1,0.9001,0.95,1,8,False
synthetic-trip-00179,Kolkata,flight+train+bus,10523,62,2,0.9108,0.95,1,8,False
synthetic-trip-00179,Kolkata,flight+train+bus,10724,62,3,0.9214,0.95,1,8,False
synthetic-trip-00179,Kolkata,flight+train+bus,10715,62,4,0.9321,0.95,1,8,False
synthetic-trip-00179,Kolkata,flight+train+bus,10857,62,5,0.9428,0.95,1,8,False
synthetic-trip-00179,Kolkata,flight+train+bus,11064,62,6,0.9535,0.95,1,8,False
synthetic-trip-00179,Kolkata,flight+train+bus,11379,62,7,0.9641,0.95,1,8,False
synthetic-trip-00180,Goa,flight,10101,3,0,1.3182,0.95,1,8,False
synthetic-trip-00180,Goa,flight,10042,3,1,1.334,0.95,1,8,False
synthetic-trip-00180,Goa,flight,10146,3,2,1.3498,0.95,1,8,False
synthetic-trip-00180,Goa,flight,10258,3,3,1.3656,0.95,1,8,False
synthetic-trip-00180,Goa,flight,10227,3,4,1.3814,0.95,1,8,False
synthetic-trip-00180,Goa,flight,10447,3,5,1.3972,0.95,1,8,False
synthetic-trip-00180,Goa,flight,10731,3,6,1.4131,0.95,1,8,False
synthetic-trip-00180,Goa,flight,10964,3,7,1.4289,0.95,1,8,False
synthetic-trip-00181,Mumbai,train,6666,4,0,1.3635,0.95,1,8,False
synthetic-trip-00181,Mumbai,train,6570,4,1,1.3798,0.95,1,8,False
synthetic-trip-00181,Mumbai,train,6600,4,2,1.3962,0.95,1,8,False
synthetic-trip-00181,Mumbai,train,6670,4,3,1.4126,0.95,1,8,False
synthetic-trip-00181,Mumbai,train,6616,4,4,1.4289,0.95,1,8,False
synthetic-trip-00181,Mumbai,train,6683,4,5,1.4453,0.95,1,8,False
synthetic-trip-00181,Mumbai,train,6811,4,6,1.4617,0.95,1,8,False
synthetic-trip-00181,Mumbai,train,6966,4,7,1.478,0.95,1,8,False
synthetic-trip-00182,Delhi,bus,6021,5,0,1.4619,0.95,1,8,False
synthetic-trip-00182,Delhi,bus,6159,5,1,1.4795,0.95,1,8,False
synthetic-trip-00182,Delhi,bus,6167,5,2,1.497,0.95,1,8,False
synthetic-trip-00182,Delhi,bus,6093,5,3,1.5146,0.95,1,8,False
synthetic-trip-00182,Delhi,bus,6164,5,4,1.5321,0.95,1,8,False
synthetic-trip-00182,Delhi,bus,6256,5,5,1.5496,0.95,1,8,False
synthetic-trip-00182,Delhi,bus,6314,5,6,1.5672,0.95,1,8,False
synthetic-trip-00182,Delhi,bus,6477,5,7,1.5847,0.95,1,8,False
synthetic-trip-00183,Bengaluru,flight+train,12696,6,0,1.276,0.95,1,8,False
synthetic-trip-00183,Bengaluru,flight+train,12625,6,1,1.2914,0.95,1,8,False
synthetic-trip-00183,Bengaluru,flight+train,12737,6,2,1.3067,0.95,1,8,False
synthetic-trip-00183,Bengaluru,flight+train,12634,6,3,1.322,0.95,1,8,False
synthetic-trip-00183,Bengaluru,flight+train,12813,6,4,1.3373,0.95,1,8,False
synthetic-trip-00183,Bengaluru,flight+train,13101,6,5,1.3526,0.95,1,8,False
synthetic-trip-00183,Bengaluru,flight+train,13348,6,6,1.3679,0.95,1,8,False
synthetic-trip-00183,Bengaluru,flight+train,13569,6,7,1.3832,0.95,1,8,False
synthetic-trip-00184,Jaipur,train+bus,8096,7,0,1.1878,0.95,1,8,False
synthetic-trip-00184,Jaipur,train+bus,8110,7,1,1.202,0.95,1,8,False
synthetic-trip-00184,Jaipur,train+bus,8114,7,2,1.2163,0.95,1,8,False
synthetic-trip-00184,Jaipur,train+bus,8089,7,3,1.2305,0.95,1,8,False
synthetic-trip-00184,Jaipur,train+bus,8117,7,4,1.2448,0.95,1,8,False
synthetic-trip-00184,Jaipur,train+bus,8130,7,5,1.259,0.95,1,8,False
synthetic-trip-00184,Jaipur,train+bus,8246,7,6,1.2733,0.95,1,8,False
synthetic-trip-00184,Jaipur,train+bus,8488,7,7,1.2876,0.95,1,8,False
synthetic-trip-00185,Kolkata,flight+train+bus,13292,8,0,1.1177,0.95,1,8,False
synthetic-trip-00185,Kolkata,flight+train+bus,13360,8,1,1.1311,0.95,1,8,False
synthetic-trip-00185,Kolkata,flight+train+bus,13405,8,2,1.1445,0.95,1,8,False
synthetic-trip-00185,Kolkata,flight+train+bus,13330,8,3,1.158,0.95,1,8,False
synthetic-trip-00185,Kolkata,flight+train+bus,13519,8,4,1.1714,0.95,1,8,False
synthetic-trip-00185,Kolkata,flight+train+bus,13581,8,5,1.1848,0.95,1,8,False
synthetic-trip-00185,Kolkata,flight+train+bus,13762,8,6,1.1982,0.95,1,8,False
synthetic-trip-00185,Kolkata,flight+train+bus,14086,8,7,1.2116,0.95,1,8,False
synthetic-trip-00186,Goa,flight,9572,9,0,1.248,0.95,1,8,False
synthetic-trip-00186,Goa,flight,9610,9,1,1.263,0.95,1,8,False
synthetic-trip-00186,Goa,flight,9486,9,2,1.2779,0.95,1,8,False
synthetic-trip-00186,Goa,flight,9746,9,3,1.2929,0.95,1,8,False
synthetic-trip-00186,Goa,flight,9850,9,4,1.3079,0.95,1,8,False
synthetic-trip-00186,Goa,flight,9941,9,5,1.3229,0.95,1,8,False
synthetic-trip-00186,Goa,flight,10034,9,6,1.3378,0.95,1,8,False
synthetic-trip-00186,Goa,flight,10289,9,7,1.3528,0.95,1,8,False
synthetic-trip-00187,Mumbai,train,6206,10,0,1.2903,0.95,1,8,False
synthetic-trip-00187,Mumbai,train,6273,10,1,1.3057,0.95,1,8,False
synthetic-trip-00187,Mumbai,train,6275,10,2,1.3212,0.95,1,8,False
synthetic-trip-00187,Mumbai,train,6307,10,3,1.3367,0.95,1,8,False
synthetic-trip-00187,Mumbai,train,6279,10,4,1.3522,0.95,1,8,False
synthetic-trip-00187,Mumbai,train,6351,10,5,1.3677,0.95,1,8,False
synthetic-trip-00187,Mumbai,train,6466,10,6,1.3832,0.95,1,8,False
synthetic-trip-00187,Mumbai,train,6627,10,7,1.3986,0.95,1,8,False
synthetic-trip-00188,Delhi,bus,5751,11,0,1.3827,0.95,1,8,False
synthetic-trip-00188,Delhi,bus,5760,11,1,1.3993,0.95,1,8,False
synthetic-trip-00188,Delhi,bus,5796,11,2,1.4159,0.95,1,8,False
synthetic-trip-00188,Delhi,bus,5770,11,3,1.4325,0.95,1,8,False
synthetic-trip-00188,Delhi,bus,5761,11,4,1.4491,0.95,1,8,False
synthetic-trip-00188,Delhi,bus,5852,11,5,1.4657,0.95,1,8,False
synthetic-trip-00188,Delhi,bus,5932,11,6,1.4822,0.95,1,8,False
synthetic-trip-00188,Delhi,bus,6090,11,7,1.4988,0.95,1,8,False
synthetic-trip-00189,Bengaluru,flight+train,12064,12,0,1.2063,0.95,1,8,False
synthetic-trip-00189,Bengaluru,flight+train,12028,12,1,1.2207,0.95,1,8,False
synthetic-trip-00189,Bengaluru,flight+train,12007,12,2,1.2352,0.95,1,8,False
synthetic-trip-00189,Bengaluru,flight+train,12027,12,3,1.2497,0.95,1,8,False
synthetic-trip-00189,Bengaluru,flight+train,12290,12,4,1.2642,0.95,1,8,False
synthetic-trip-00189,Bengaluru,flight+train,12347,12,5,1.2786,0.95,1,8,False
synthetic-trip-00189,Bengaluru,flight+train,12630,12,6,1.2931,0.95,1,8,False
synthetic-trip-00189,Bengaluru,flight+train,12933,12,7,1.3076,0.95,1,8,False
synthetic-trip-00190,Jaipur,train+bus,7583,13,0,1.1222,0.95,1,8,False
synthetic-trip-00190,Jaipur,train+bus,7551,13,1,1.1357,0.95,1,8,False
synthetic-trip-00190,Jaipur,train+bus,7633,13,2,1.1492,0.95,1,8,False
synthetic-trip-00190,Jaipur,train+bus,7587,13,3,1.1626,0.95,1,8,False
synthetic-trip-00190,Jaipur,train+bus,7619,13,4,1.1761,0.95,1,8,False
synthetic-trip-00190,Jaipur,train+bus,7749,13,5,1.1896,0.95,1,8,False
synthetic-trip-00190,Jaipur,train+bus,7813,13,6,1.203,0.95,1,8,False
synthetic-trip-00190,Jaipur,train+bus,7975,13,7,1.2165,0.95,1,8,False
synthetic-trip-00191,Kolkata,flight+train+bus,12463,14,0,1.0555,0.95,1,8,False
synthetic-trip-00191,Kolkata,flight+train+bus,12550,14,1,1.0681,0.95,1,8,False
synthetic-trip-00191,Kolkata,flight+train+bus,12613,14,2,1.0808,0.95,1,8,False
synthetic-trip-00191,Kolkata,flight+train+bus,12581,14,3,1.0934,0.95,1,8,False
synthetic-trip-00191,Kolkata,flight+train+bus,12640,14,4,1.1061,0.95,1,8,False
synthetic-trip-00191,Kolkata,flight+train+bus,12748,14,5,1.1188,0.95,1,8,False
synthetic-trip-00191,Kolkata,flight+train+bus,13098,14,6,1.1314,0.95,1,8,False
synthetic-trip-00191,Kolkata,flight+train+bus,13393,14,7,1.1441,0.95,1,8,False
synthetic-trip-00192,Goa,flight,9026,15,0,1.1778,0.95,1,8,False
synthetic-trip-00192,Goa,flight,9064,15,1,1.192,0.95,1,8,False
synthetic-trip-00192,Goa,flight,9132,15,2,1.2061,0.95,1,8,False
synthetic-trip-00192,Goa,flight,9118,15,3,1.2202,0.95,1,8,False
synthetic-trip-00192,Goa,flight,9163,15,4,1.2344,0.95,1,8,False
synthetic-trip-00192,Goa,flight,9224,15,5,1.2485,0.95,1,8,False
synthetic-trip-00192,Goa,flight,9467,15,6,1.2626,0.95,1,8,False
synthetic-trip-00192,Goa,flight,9777,15,7,1.2768,0.95,1,8,False
synthetic-trip-00193,Mumbai,train,5894,16,0,1.217,0.95,1,8,False
synthetic-trip-00193,Mumbai,train,5913,16,1,1.2316,0.95,1,8,False
synthetic-trip-00193,Mumbai,train,5925,16,2,1.2462,0.95,1,8,False
synthetic-trip-00193,Mumbai,train,5908,16,3,1.2608,0.95,1,8,False
synthetic-trip-00193,Mumbai,train,5922,16,4,1.2754,0.95,1,8,False
synthetic-trip-00193,Mumbai,train,6047,16,5,1.29,0.95,1,8,False
synthetic-trip-00193,Mumbai,train,6132,16,6,1.3047,0.95,1,8,False
synthetic-trip-00193,Mumbai,train,6211,16,7,1.3193,0.95,1,8,False
synthetic-trip-00194,Delhi,bus,5442,17,0,1.3035,0.95,1,8,False
synthetic-trip-00194,Delhi,bus,5491,17,1,1.3191,0.95,1,8,False
synthetic-trip-00194,Delhi,bus,5466,17,2,1.3348,0.95,1,8,False
synthetic-trip-00194,Delhi,bus,5455,17,3,1.3504,0.95,1,8,False
synthetic-trip-00194,Delhi,bus,5491,17,4,1.366,0.95,1,8,False
synthetic-trip-00194,Delhi,bus,5586,17,5,1.3817,0.95,1,8,False
synthetic-trip-00194,Delhi,bus,5594,17,6,1.3973,0.95,1,8,False
synthetic-trip-00194,Delhi,bus,5732,17,7,1.413,0.95,1,8,False
synthetic-trip-00195,Bengaluru,flight+train,11321,18,0,1.1365,0.95,1,8,False
synthetic-trip-00195,Bengaluru,flight+train,11255,18,1,1.1501,0.95,1,8,False
synthetic-trip-00195,Bengaluru,flight+train,11328,18,2,1.1638,0.95,1,8,False
synthetic-trip-00195,Bengaluru,flight+train,11266,18,3,1.1774,0.95,1,8,False
synthetic-trip-00195,Bengaluru,flight+train,11561,18,4,1.191,0.95,1,8,False
synthetic-trip-00195,Bengaluru,flight+train,11657,18,5,1.2047,0.95,1,8,False
synthetic-trip-00195,Bengaluru,flight+train,11870,18,6,1.2183,0.95,1,8,False
synthetic-trip-00195,Bengaluru,flight+train,12182,18,7,1.2319,0.95,1,8,False
synthetic-trip-00196,Jaipur,train+bus,7149,19,0,1.0567,0.95,1,8,False
synthetic-trip-00196,Jaipur,train+bus,7205,19,1,1.0694,0.95,1,8,False
synthetic-trip-00196,Jaipur,train+bus,7116,19,2,1.082,0.95,1,8,False
synthetic-trip-00196,Jaipur,train+bus,7170,19,3,1.0947,0.95,1,8,False
synthetic-trip-00196,Jaipur,train+bus,7216,19,4,1.1074,0.95,1,8,False
synthetic-trip-00196,Jaipur,train+bus,7294,19,5,1.1201,0.95,1,8,False
synthetic-trip-00196,Jaipur,train+bus,7372,19,6,1.1328,0.95,1,8,False
synthetic-trip-00196,Jaipur,train+bus,7614,19,7,1.1454,0.95,1,8,False
synthetic-trip-00197,Kolkata,flight+train+bus,11808,20,0,0.9932,0.95,1,8,False
synthetic-trip-00197,Kolkata,flight+train+bus,11869,20,1,1.0051,0.95,1,8,False
synthetic-trip-00197,Kolkata,flight+train+bus,11880,20,2,1.017,0.95,1,8,False
synthetic-trip-00197,Kolkata,flight+train+bus,11897,20,3,1.0289,0.95,1,8,False
synthetic-trip-00197,Kolkata,flight+train+bus,11955,20,4,1.0409,0.95,1,8,False
synthetic-trip-00197,Kolkata,flight+train+bus,12160,20,5,1.0528,0.95,1,8,False
synthetic-trip-00197,Kolkata,flight+train+bus,12408,20,6,1.0647,0.95,1,8,False
synthetic-trip-00197,Kolkata,flight+train+bus,12623,20,7,1.0766,0.95,1,8,False
synthetic-trip-00198,Goa,flight,8518,21,0,1.1077,0.95,1,8,False
synthetic-trip-00198,Goa,flight,8438,21,1,1.1209,0.95,1,8,False
synthetic-trip-00198,Goa,flight,8489,21,2,1.1342,0.95,1,8,False
synthetic-trip-00198,Goa,flight,8618,21,3,1.1475,0.95,1,8,False
synthetic-trip-00198,Goa,flight,8681,21,4,1.1608,0.95,1,8,False
synthetic-trip-00198,Goa,flight,8682,21,5,1.1741,0.95,1,8,False
synthetic-trip-00198,Goa,flight,8963,21,6,1.1874,0.95,1,8,False
synthetic-trip-00198,Goa,flight,9197,21,7,1.2007,0.95,1,8,False
synthetic-trip-00199,Mumbai,train,5576,22,0,1.1438,0.95,1,8,False
synthetic-trip-00199,Mumbai,train,5591,22,1,1.1575,0.95,1,8,False
synthetic-trip-00199,Mumbai,train,5515,22,2,1.1712,0.95,1,8,False
synthetic-trip-00199,Mumbai,train,5569,22,3,1.185,0.95,1,8,False
synthetic-trip-00199,Mumbai,train,5611,22,4,1.1987,0.95,1,8,False
synthetic-trip-00199,Mumbai,train,5645,22,5,1.2124,0.95,1,8,False
synthetic-trip-00199,Mumbai,train,5712,22,6,1.2261,0.95,1,8,False
synthetic-trip-00199,Mumbai,train,5920,22,7,1.2399,0.95,1,8,False
